Smiles,Target,Label
CCn1c(c(nc1c2ccccc2c3cccc(c3)OCC(=O)O)c4ccccc4)c5ccccc5,fabp4,0
c1cc(cc(c1)C(=O)N)Cn2c3c(c4c2c(ccc4)C(=O)O)CCCCC3,fabp4,0
CC(C)Cn1c(c(nc1c2ccccc2c3cccc(c3)NCC(=O)O)c4ccccc4)c5ccccc5,fabp4,0
c1ccc(cc1)Nc2cccc3c2c(ccc3)S(=O)(=O)O,fabp4,0
CCCCC/C=C/C/C=C/C/C=C/C/C=C/CCCC(=O)O,fabp4,0
CCCCCCCC/C=C\CCCCCCCC(=O)O,fabp4,0
CCCCCCCCCCCCCCCC(=O)O,fabp4,0
c1ccc(c(c1)Cn2c3c(c4c2c(ccc4)C(=O)O)CCCC3)F,fabp4,0
c1ccc(cc1)c2c(n(c(n2)c3ccccc3c4cccc(c4)OCC(=O)O)CCF)c5ccccc5,fabp4,0
c1cc(cc(c1)F)Cn2c3c(c4c2c(ccc4)C(=O)O)CCCC3,fabp4,0
Cn1c(c(nc1c2ccccc2c3cccc(c3)OCC(=O)O)c4ccccc4)c5ccccc5,fabp4,0
CCc1c(c(nn1c2ccccc2c3cccc(c3)OCC(=O)O)c4ccccc4)c5ccccc5,fabp4,0
[3H]c1c(ccc(c1Cl)COc2cccc(c2OCc3ccc(c(c3Cl)[3H])Cl)C(=O)O)Cl,fabp4,0
c1ccc(c(c1)COc2cccc(c2OCc3ccccc3Cl)C(=O)C(=O)O)Cl,fabp4,0
c1ccc(cc1)Cn2c3c(c4c2c(ccc4)C(=O)O)CCCCC3,fabp4,0
c1ccc(c(c1)COc2cccc(c2OCc3ccccc3Cl)[C@@H](C(=O)O)O)Cl,fabp4,0
CCn1c(c(nc1c2ccccc2c3cccc(c3)NCC(=O)O)c4ccccc4)c5ccccc5,fabp4,0
CCc1c(c(oc1c2ccccc2c3cccc(c3)OCC(=O)O)c4ccccc4)c5ccccc5,fabp4,0
c1ccc(cc1)c2c(oc(n2)c3ccccc3OCCCCC(=O)O)c4ccccc4,fabp4,0
COC(c1cccc(c1OCc2ccccc2Cl)OCc3ccccc3Cl)C(=O)O,fabp4,0
c1ccc(c(c1)Cn2c3c(c4c2c(ccc4)C(=O)O)CCCCC3)C(F)(F)F,fabp4,0
c1ccc(cc1)c2cc(oc2c3ccccc3)c4ccccc4c5cccc(c5)OCC(=O)O,fabp4,0
CCc1c(c(nn1c2ccccc2c3cccc(c3)C(C(=O)O)O)c4ccccc4)c5ccccc5,fabp4,0
c1ccc(cc1)c2c(nc([nH]2)c3ccccc3c4cccc(c4)NCC(=O)O)c5ccccc5,fabp4,0
c1ccc(c(c1)COc2cccc(c2OCc3ccccc3Cl)CC(=O)O)Cl,fabp4,0
c1ccc(cc1)c2cc([nH]c2c3ccccc3)c4ccccc4c5cccc(c5)OCC(=O)O,fabp4,0
c1ccc(cc1)c2c(nc([nH]2)c3ccccc3c4cccc(c4)OCC(=O)O)c5ccccc5,fabp4,0
c1ccc(cc1)c2c(oc(n2)c3ccccc3c4cccc(c4)OCC(=O)O)c5ccccc5,fabp4,0
Cn1c(c(nc1c2ccccc2c3cccc(c3)NCC(=O)O)c4ccccc4)c5ccccc5,fabp4,0
c1ccc(c(c1)Cn2c3c(c4c2c(ccc4)C(=O)O)CCCCC3)C(=O)N,fabp4,0
c1c(c(=O)[nH]c(=O)n1C2C([C@H](C(O2)CO)O)F)I,kith,1
c1c(c(=O)[nH]c(=O)n1C2CC(C(O2)CO)O)/C=C/Br,kith,1
Cc1cn(c(=O)[nH]c1=O)C2C([C@H](C(O2)CO)O)F,kith,1
CCc1cn(c(=O)[nH]c1=O)[C@H]2C[C@@H]([C@H](O2)CNC(=O)Cc3ccccc3C)O,kith,1
CCc1cn(c(=O)[nH]c1=O)[C@H]2C[C@@H]([C@H](O2)CNC(=O)Cc3ccccc3C(F)(F)F)O,kith,1
c1c(c(=O)[nH]c(=O)n1C2CC(C(C2)O)CO)I,kith,1
c1c(c(=O)[nH]c(=O)n1[C@H]2C[C@H]([C@@H](C2)O)CO)/C=C/Br,kith,1
CCc1cn(c(=O)[nH]c1=O)[C@H]2C[C@@H]([C@H](O2)CNC(=O)Cc3ccccc3Cl)O,kith,1
Cc1cn(c(=O)[nH]c1=O)C/C=C/COC(c2ccccc2)(c3ccccc3)c4ccccc4,kith,1
Cc1cn(c(=O)[nH]c1=O)C/C=C\COC(c2ccccc2)(c3ccccc3)c4ccccc4,kith,1
c1cc(cc(c1)Nc2[nH]c(=O)c3c(n2)[nH]cn3)C(F)(F)F,kith,1
CCc1cn(c(=O)[nH]c1=O)[C@H]2C[C@@H]([C@H](O2)CNC(=O)Cc3c(cccc3Cl)Cl)O,kith,1
CCc1cn(c(=O)[nH]c1=O)C2C([C@H](C(O2)CO)O)F,kith,1
c1c(c(=O)[nH]c(=O)n1C2CC(C(O2)CO)O)I,kith,1
CCc1cn(c(=O)[nH]c1=O)[C@H]2[C@H]([C@@H]([C@H](O2)CNC(=O)C3c4ccccc4C(c5c3cccc5)(C)C)O)F,kith,1
CCc1cn(c(=O)[nH]c1=O)[C@H]2[C@H]([C@@H]([C@H](O2)CNC(=O)C3c4ccccc4Oc5c3cccc5C)O)F,kith,1
CCc1cn(c(=O)[nH]c1=O)[C@H]2[C@H]([C@@H]([C@H](O2)CNC(=O)C3c4ccccc4Oc5c3cccc5C(F)(F)F)O)F,kith,1
CCc1cn(c(=O)[nH]c1=O)[C@H]2C[C@@H]([C@H](O2)CNC(=O)C3c4ccccc4S(=O)(=O)c5c3cccc5)O,kith,1
CCc1cn(c(=O)[nH]c1=O)[C@H]2[C@H]([C@@H]([C@H](O2)CNC(=O)C3c4ccccc4S(=O)(=O)c5c3cccc5)O)F,kith,1
CCc1cn(c(=O)[nH]c1=O)[C@H]2[C@H]([C@@H]([C@H](O2)CNC(=O)C3c4ccccc4Oc5c3cccc5Cl)O)F,kith,1
CCc1cn(c(=O)[nH]c1=O)[C@H]2[C@H]([C@@H]([C@H](O2)CNC(=O)C3c4ccccc4S(=O)(=O)c5c3cccc5Cl)O)F,kith,1
CCc1cn(c(=O)[nH]c1=O)[C@H]2[C@H]([C@@H]([C@H](O2)CNC(=O)C3c4ccccc4Sc5c3cccc5Cl)O)F,kith,1
CCc1cn(c(=O)[nH]c1=O)[C@H]2[C@H]([C@@H]([C@H](O2)CNC(=O)C3c4ccccc4Oc5c3cccc5OC)O)F,kith,1
CCc1cn(c(=O)[nH]c1=O)[C@H]2[C@H]([C@@H]([C@H](O2)CNC(=O)C3c4ccccc4Oc5c3cccc5c6ccccc6)O)F,kith,1
CCc1cn(c(=O)[nH]c1=O)[C@H]2[C@H]([C@@H]([C@H](O2)CNC(=O)C3c4cccc(c4Oc5c3cccc5Cl)Cl)O)F,kith,1
c1ccc(cc1)Nc2[nH]c(=O)c3c(n2)n(cn3)CCCCO,kith,1
CCc1cn(c(=O)[nH]c1=O)[C@H]2C[C@@H]([C@H](O2)CNC(=O)Cc3c(cccc3C)C)O,kith,1
c1ccc(cc1)Nc2nc3c(c(n2)O)ncn3CCCCN4CCCC5C4CCCC5,kith,1
CCc1cn(c(=O)[nH]c1=O)[C@H]2C[C@@H]([C@H](O2)CNC(=O)C3c4ccccc4-c5c3cccc5)O,kith,1
CCc1cn(c(=O)[nH]c1=O)[C@H]2C[C@@H]([C@H](O2)CNC(=O)C3c4ccccc4N(c5c3cccc5)C)O,kith,1
Cc1cn(c(=O)[nH]c1=O)C2CC(C(O2)CO)O,kith,1
CCc1cn(c(=O)[nH]c1=O)[C@H]2[C@H]([C@@H]([C@H](O2)CNC(=O)[C@H](C)Oc3cc(c(cc3Cl)Cl)OC)O)F,kith,1
CCc1cn(c(=O)[nH]c1=O)[C@H]2[C@H]([C@@H]([C@H](O2)CNC(=O)C3c4ccccc4Sc5c3cccc5)O)F,kith,1
CCc1cn(c(=O)[nH]c1=O)[C@H]2C[C@@H]([C@H](O2)CNC(=O)C3c4ccccc4Cc5c3cccc5)O,kith,1
CCc1cn(c(=O)[nH]c1=O)[C@H]2C[C@@H]([C@H](O2)CNC(=O)C3c4ccccc4Oc5c3cccc5)O,kith,1
CCc1cn(c(=O)[nH]c1=O)[C@H]2[C@H]([C@@H]([C@H](O2)CNC(=O)C3c4cccc(c4Oc5c3cccc5C)C)O)F,kith,1
CCc1cn(c(=O)[nH]c1=O)[C@H]2[C@H]([C@@H]([C@H](O2)CNC(=O)C3c4ccccc4Oc5c3cccc5)O)F,kith,1
Cc1cn(c(=O)[nH]c1=O)Cc2ccccc2COC(c3ccccc3)(c4ccccc4)c5ccccc5,kith,1
CCc1cn(c(=O)[nH]c1=O)[C@H]2C[C@@H]([C@H](O2)CNC(=O)C3c4ccccc4Sc5c3cccc5)O,kith,1
C1CCC(CC1)N/C(=N/C2CCCCC2)/SCC3=CSC4=NCCN34,cxcr4,2
CN(C)CC(=O)NCc1c2ccccc2cnc1CN(C)[C@H]3CCCc4c3nccc4,cxcr4,2
CN(Cc1nc2ccccc2n1CCCN)C3CCCc4c3nccc4,cxcr4,2
c1ccnc(c1)NCc2ccc(cc2)CNc3ccccn3,cxcr4,2
c1cc(ccc1CN2CCCNCCNCCCNCC2)CN3CCCNCCNCCCNCC3,cxcr4,2
c1cc2nc(c1)CCNCCN(CCNCC2)Cc3ccc(cc3)CN4CCNCCc5cccc(n5)CCNCC4,cxcr4,2
c1ccc2c(c1)[nH]c(n2)CN(CCCCN)C3CCCc4c3nccc4,cxcr4,2
C1CCC(CC1)/N=C(/NC2C3CC4CC(C3)CC2C4)\SCC5=CSC6=NCCN56,cxcr4,2
c1ccnc(c1)CNCc2ccc(cc2)CN3CCCNCCNCCCNCC3,cxcr4,2
CC1(CN2C(=CSC2=N1)CS/C(=N\C3CCCCCC3)/NC4CCCCCC4)C,cxcr4,2
c1ccc(c(c1)CN)CN(Cc2[nH]c3ccccc3n2)C4CCCc5c4nccc5,cxcr4,2
C1CCC(CC1)N/C(=N/C2CCCCC2)/SCC3=CSC4=NCCCN34,cxcr4,2
c1cc(ccc1CN2CCCNCCNCCNCCC2)CN3CCCNCCNCCNCCC3,cxcr4,2
c1ccc2c(c1)[nH]c(n2)CN(CCCN)C3CCCc4c3nccc4,cxcr4,2
CC1(CN2C(=CSC2=N1)CS/C(=N\C3CCCCC3)/NC4CCCCC4)C,cxcr4,2
c1ccc2c(c1)[nH]c(n2)CN(CCCCCCN)C3CCCc4c3nccc4,cxcr4,2
CN1CCC(CC1)n2c3ccccc3nc2CN(C)C4CCCc5c4nccc5,cxcr4,2
c1ccc2c(c1)[nH]c(n2)CN(C/C=C\CN)C3CCCc4c3nccc4,cxcr4,2
CCCCCCN/C(=N/C1CCCCC1)/SCC2=CSC3=NCCN23,cxcr4,2
C1CCCC(CCC1)N/C(=N/C2CCCCC2)/SCC3=CSC4=NCCN34,cxcr4,2
Cc1cn(c(=O)[nH]c1=O)[C@H]2C[C@@H]([C@H](O2)CO)N=N#N,cxcr4,2
C1CCCC(CC1)N/C(=N/C2CCCCC2)/SCC3=CSC4=NCCN34,cxcr4,2
C1CCCC(CCC1)N/C(=N/C2CCCCCCC2)/SCC3=CSC4=NCCN34,cxcr4,2
CC(C)N1CCC[C@@H](C1)Cn2c3ccccc3nc2CN(C)[C@H]4CCCc5c4nccc5,cxcr4,2
CN(C)CCCc1c2ccccc2cnc1CN(C)[C@H]3CCCc4c3nccc4,cxcr4,2
C1CCCC(CC1)N/C(=N/C2CCCCCC2)/SCC3=CSC4=NCCN34,cxcr4,2
CN(C)CCCCN(Cc1[nH]c2ccccc2n1)C3CCCc4c3nccc4,cxcr4,2
Cc1ccc(cc1)C(=O)c2cc(c(c(c2)O)O)N(=O)=O,comt,3
COC(=O)c1c(c2cc(c(c(c2s1)N(=O)=O)O)O)Cl,comt,3
c1c2c(c(c(c1O)O)N(=O)=O)sc(c2Cl)C(=O)OCc3coc(=O)o3,comt,3
CCCCOC(=O)c1c(c2cc(c(c(c2s1)N(=O)=O)O)O)Cl,comt,3
CC(C)OC(=O)c1c(c2cc(c(c(c2s1)N(=O)=O)O)O)Cl,comt,3
COc1cc(cc(c1OC)OC)C(=O)/C=C/c2cc(c(c(c2)O)O)N(=O)=O,comt,3
c1c2c(c(c(c1O)O)N(=O)=O)sc(c2Cl)C(=O)O,comt,3
c1c(c(c(cc1/C=C\2/C(=O)/C(=C/c3cc(c(c(c3)N(=O)=O)O)O)/CC2)O)O)N(=O)=O,comt,3
c1c(cc(c(c1N(=O)=O)O)O)C=O,comt,3
c1c(cc(c(c1N(=O)=O)O)O)N(=O)=O,comt,3
CCN(CC)C(=O)/C(=C/c1cc(c(c(c1)O)O)N(=O)=O)/C#N,comt,3
CC(=O)c1cc(c(c(c1)O)O)N(=O)=O,comt,3
c1c(cc(c(c1N(=O)=O)O)O)Cl,comt,3
c1ccc(cc1)COC(=O)c2c(c3cc(c(c(c3s2)N(=O)=O)O)O)Cl,comt,3
c1c(cc(c(c1N(=O)=O)O)O)C=C(C#N)C#N,comt,3
c1c(cc(c(c1N(=O)=O)O)O)C(=O)NC23CC4CC(C2)CC(C4)C3,comt,3
CC(=O)C(=Cc1cc(c(c(c1)O)O)N(=O)=O)C(=O)C,comt,3
CN(C)C(=O)/C(=C/c1cc(c(c(c1)O)O)N(=O)=O)/C#N,comt,3
CC(C)C(=O)OCOC(=O)c1c(c2cc(c(c(c2s1)N(=O)=O)O)O)Cl,comt,3
CC(C)C(=O)OC(C)OC(=O)c1c(c2cc(c(c(c2s1)N(=O)=O)O)O)Cl,comt,3
CCCC(=O)OC(C)OC(=O)c1c(c2cc(c(c(c2s1)N(=O)=O)O)O)Cl,comt,3
c1ccc(cc1)CC(=O)c2cc(c(c(c2)O)O)N(=O)=O,comt,3
CCCOC(=O)c1c(c2cc(c(c(c2s1)N(=O)=O)O)O)Cl,comt,3
c1ccc(cc1)C(=O)/C=C/c2cc(c(c(c2)O)O)N(=O)=O,comt,3
CC(C)C(C(=O)OCOC(=O)c1c(c2cc(c(c(c2s1)N(=O)=O)O)O)Cl)N,comt,3
C/C(=C\c1cc(c(c(c1)O)O)N(=O)=O)/C(=O)C,comt,3
CCCC(=O)OCOC(=O)c1c(c2cc(c(c(c2s1)N(=O)=O)O)O)Cl,comt,3
CCc3nc(c1ccccc1)cc(c2ccc(F)cc2)c3CCC4C[C@@H](O)CC(=O)O4,hmdh,4
CC(C)n4c(CC[C@@H](O)C[C@@H](O)CC(O)=O)c(c1ccc(F)cc1)c5c2ccccc2n(Cc3ccccc3F)c(=O)c45,hmdh,4
CC(C)c3cc(c1ccccc1)nc(c2ccc(F)cc2)c3/C=C/C(O)C[C@@H](O)CC(O)=O,hmdh,4
CCC(C)(C)C(=O)O[C@H]2C[C@@H](\C=C\C)C[C@@H]3C=C[C@H](C)[C@H](CC[C@@H]1C[C@@H](O)CC(=O)O1)[C@@H]23,hmdh,4
O[C@H](C[C@H](O)\C=C\c4c3CCCC(Cc2ccc(c1ccccc1)cc2)c3nn4c5ccc(F)cc5)CC(O)=O,hmdh,4
CC(C)n3c(CC[C@@H](O)C[C@@H](O)CC(O)=O)c(c1ccc(F)cc1)c(c2ccccc2)c3C(N)=O,hmdh,4
O[C@H](CCc1c(Cl)cc(Cl)cc1OCc2ccccc2)C[C@@H](O)CC(O)=O,hmdh,4
O[C@@H]3CC(CCc1c(Cl)cc(Cl)cc1OCc2ccc(F)cc2)OC(=O)C3,hmdh,4
CC(C)c3nc(c1ccccc1)n(c2ccc(F)cc2)c3/C=C/[C@@H](O)C[C@@H](O)CC(O)=O,hmdh,4
CC(C)c2c(CC[C@@H](O)C[C@@H](O)CC(O)=O)c(c1ccc(F)cc1)cn2C3CCCCC3,hmdh,4
CC(C)c2c(CC[C@@H](O)C[C@@H](O)CC(O)=O)n(c1ccc(F)cc1)nc2C(=O)N(C)[C@H](C)c3ccccc3,hmdh,4
CC(C)c3cc(C(C)C)c(OCC1C[C@@H](O)CC(=O)O1)c(c2ccc(F)cc2)c3,hmdh,4
CC(C)c4c(S(=O)(=O)N1CCC1)c(c2ccccc2)c(c3ccc(F)cc3)n4CC[C@@H](O)C[C@@H](O)CC(O)=O,hmdh,4
CC(C)c3nc(Nc1ccn(C)n1)nc(c2ccc(F)cc2)c3/C=C/[C@@H](O)C[C@@H](O)CC(O)=O,hmdh,4
CC(C)n4c(CC[C@@H](O)C[C@@H](O)CC(O)=O)c(c1ccc(F)cc1)c5c2ccccc2n(c3cccc(F)c3)c(=O)c45,hmdh,4
COC(=O)C[C@H](O)C[C@H](O)\C=C\n2c(C(C)C)cc(c1ccccn1)c2c3ccc(F)cc3,hmdh,4
CC(C)c3nc(c1ccccc1)cc(c2ccc(F)cc2)c3/C=C/C(O)C[C@@H](O)CC(O)=O,hmdh,4
CC(C)c2c(CC[C@@H](O)C[C@@H](O)CC(O)=O)n(c1ccc(F)cc1)nc2C(=O)N4CCCC(c3ccccc3)C4,hmdh,4
CC(C)c3nc(c1ccc(F)cc1)cc(c2ccc(F)cc2)c3/C=C/C4C[C@@H](O)CC(=O)O4,hmdh,4
CC(C)n3c(CC[C@@H](O)C[C@@H](O)CC(O)=O)c(c1ccc(F)cc1)c(c2ccccn2)c3C(=O)Nc4ccccc4,hmdh,4
CC(C)c3nc(C(C)C)c(/C=C/C1C[C@@H](O)CC(=O)O1)c(c2ccc(F)cc2)n3,hmdh,4
CC(C)c4c(S(=O)(=O)N1CCCC1)c(c2ccccc2)c(c3ccc(F)cc3)n4CC[C@@H](O)C[C@@H](O)CC(O)=O,hmdh,4
CC(C)c2cc(C(C)C)c(OCC(O)C[C@@H](O)CC(O)=O)c(c1ccc(F)cc1)c2,hmdh,4
CCn2c(CC[C@@H](O)C[C@@H](O)CC(O)=O)c(c1ccc(F)cc1)c(C)c2C(=O)Nc3ccccc3,hmdh,4
CC(C)c4c(S(=O)(=O)N1CCCCC1)c(c2ccccc2)c(c3ccc(F)cc3)n4CC[C@@H](O)C[C@@H](O)CC(O)=O,hmdh,4
CCOC(=O)c3c(c1ccccc1)c(C(C)C)n(CC[C@@H]2C[C@@H](O)CC(=O)O2)c3c4ccc(F)cc4,hmdh,4
CC(C)c3nc(Nc1ccon1)nc(c2ccc(F)cc2)c3/C=C/[C@@H](O)C[C@@H](O)CC(O)=O,hmdh,4
CC(C)n3c(CC[C@@H](O)C[C@@H](O)CC(O)=O)c(c1ccc(F)cc1)c(c2ccccc2)c3C(=O)NCc4nc(C)cs4,hmdh,4
CC(C)c3nc(N(C)c1ncnn1C)nc(c2ccc(F)cc2)c3/C=C/[C@@H](O)C[C@@H](O)CC(O)=O,hmdh,4
O[C@@H](CC(O)=O)CC(=O)CCc1ccccc1,hmdh,4
CC(C)n3c(CC[C@@H](O)C[C@@H](O)CC(O)=O)c(c1ccc(F)cc1)c(c2ccccc2)c3C(=O)NCc4ccc(C#N)cc4,hmdh,4
CC(C)n4c(CC[C@@H](O)C[C@@H](O)CC(O)=O)c(c1ccc(F)cc1)c3CCCN(c2ccccc2)C(=O)c34,hmdh,4
COC(=O)C[C@H](O)C[C@H](O)\C=C\n2c(C(C)C)c(Br)c(c1ccc(F)cc1)c2c3ccc(F)cc3,hmdh,4
CC(C)n3c(CC[C@@H](O)C[C@@H](O)CC(O)=O)c(c1ccc(F)cc1)c(c2ccccc2)c3C(=O)Nc4ccc(O)cc4,hmdh,4
CC(C)c3cc(Sc1ccc(F)cc1)cc(c2ccc(F)cc2)c3OCC(O)C[C@@H](O)CC(O)=O,hmdh,4
CC(C)c3nc(N(C)c1nnnn1C)nc(c2ccc(F)cc2)c3/C=C/[C@@H](O)C[C@@H](O)CC(O)=O,hmdh,4
CC(C)n3c(CC[C@@H](O)C[C@@H](O)CC(O)=O)c(c1ccc(F)cc1)c(c2ccccc2)c3C(=O)NCc4cc(C)n(C)n4,hmdh,4
CC(C)n3c(CC[C@@H](O)C[C@@H](O)CC(O)=O)c(c1ccc(F)cc1)c(c2ccccc2)c3C(=O)NCc4ccccn4,hmdh,4
CCn2c(CC[C@@H](O)C[C@@H](O)CC(O)=O)c(c1ccc(F)cc1)c(C)c2C(=O)NCc3ccc(C(O)=O)cc3,hmdh,4
CC(C)c2nc(N(C)S(C)(=O)=O)nc(c1ccc(F)cc1)c2/C=C/[C@@H](O)C[C@@H](O)CC(O)=O,hmdh,4
CC(C)c3nc(Nc1cc(C(O)=O)nn1C)nc(c2ccc(F)cc2)c3/C=C/[C@@H](O)C[C@@H](O)CC(O)=O,hmdh,4
CC[C@H](C)C(=O)O[C@H]1C[C@@H](C)C[C@@H]2C=C[C@H](C)[C@H](CCC(=O)C[C@@H](O)CC(O)=O)C12,hmdh,4
CC(C)c3nc(c1ccc(F)cc1)c(c2ccc(F)cc2)n3/C=C/[C@@H](O)C[C@@H](O)CC(O)=O,hmdh,4
CC(C)c2nc(C(C)(C)C)cc(c1ccc(F)cc1)c2/C=C/C(O)C[C@@H](O)CC(O)=O,hmdh,4
CC(C)c3nc(C1CCCCC1)nc(c2ccc(F)cc2)c3/C=C/C4C[C@@H](O)CC(=O)O4,hmdh,4
CC(C)c3nc(c1ccc(F)cc1)nc(c2ccc(F)cc2)c3/C=C/C4C[C@@H](O)CC(=O)O4,hmdh,4
CC(C)c2nc(C(C)(C)C)cc(c1ccc(F)cc1)c2/C=C/C3C[C@@H](O)CC(=O)O3,hmdh,4
CC(C)c2c(CC[C@@H](O)C[C@@H](O)CC(O)=O)c(c1ccc(F)cc1)cn2C(C)C,hmdh,4
CC(C)n3c(CC[C@@H](O)C[C@@H](O)CC(O)=O)c(c1ccc(F)cc1)c(c2ccccc2)c3C(=O)NCc4ncc(C)[nH]4,hmdh,4
CCC(C)(C)C(=O)O[C@H]3C[C@@H](C)[C@@H](OCCc1ccccc1)[C@@H]4CC[C@H](C)[C@H](CCC2C[C@@H](O)CC(=O)O2)C34,hmdh,4
CC(C)n3c(CC[C@@H](O)C[C@@H](O)CC(O)=O)c(c1ccc(F)cc1)c(c2ccccn2)c3C(=O)NCc4ccccc4,hmdh,4
CC(C)c2c(OC[C@@H](O)C[C@@H](O)CC(O)=O)n(c1ccc(F)cc1)nc2C(=O)NCc3ccccn3,hmdh,4
CC(C)c2c(Br)c(Br)c(c1ccc(F)cc1)n2CCC(O)C[C@@H](O)CC(O)=O,hmdh,4
CC(C)n2c(CC[C@@H](O)C[C@@H](O)CC(O)=O)c(c1ccc(F)cc1)nc2C(=O)NCc3cccc(F)c3,hmdh,4
OC(COc1c(Cl)cc(Cl)cc1CC2CCCCC2)C[C@@H](O)CC(O)=O,hmdh,4
O[C@H](C[C@H](O)\C=C\c4c3CCCC(Cc1cccc2ccccc12)c3nn4c5ccc(F)cc5)CC(O)=O,hmdh,4
CC(C)c2c(Br)c(Br)c(c1ccc(F)cc1)n2CC[C@@H]3C[C@@H](O)CC(=O)O3,hmdh,4
O[C@@H]5CC(\C=C\c3c(C1CCCCC1)nc(c2ccccc2)cc3c4ccc(F)cc4)OC(=O)C5,hmdh,4
O[C@@H]3CC(CCc1c(Cl)cc(Cl)c2ccc(Cl)cc12)OC(=O)C3,hmdh,4
CC(C)c3nn(c1ccc(F)cc1)c(c2ccc(F)cc2)c3CC[C@H]4C[C@H](O)CC(=O)O4,hmdh,4
CCC(C)(C)C(=O)O[C@H]2C[C@@H](C)C(=O)[C@@H]3CC[C@H](C)[C@H](CCC1C[C@@H](O)CC(=O)O1)C23,hmdh,4
CC(C)c3c(C(=O)N[C@H](CO)c1ccccc1)c2CCCCc2n3CC[C@@H](O)C[C@@H](O)CC(O)=O,hmdh,4
CCC(C)(C)C(=O)O[C@H]3CC(C)(C)O[C@@H]2CC[C@H](C)[C@H](CCC1C[C@@H](O)CC(=O)O1)C23,hmdh,4
C[C@@H]4C[C@H](OC(=O)c1ccc(F)cc1)C3[C@@H](CCC2C[C@@H](O)CC(=O)O2)[C@@H](C)C=CC3=C4,hmdh,4
C[C@@H]4C[C@H](OC(=O)C1CC1)C3[C@@H](CCC2C[C@@H](O)CC(=O)O2)[C@@H](C)C=CC3=C4,hmdh,4
CCc4c(C(=O)N[C@H](CO)c2ccc(c1ccccc1)cc2)c3CCCCc3n4CC[C@@H](O)C[C@@H](O)CC(O)=O,hmdh,4
CC(C)c3nc1ccc(Cl)cc1c(c2ccc(F)cc2)c3/C=C/[C@@H]4C[C@@H](O)CC(=O)O4,hmdh,4
CC(C)c3cc(c1ccccn1)c(c2ccc(F)cc2)n3CC[C@@H]4C[C@@H](O)CC(=O)O4,hmdh,4
Cn1nnnc1C(/C=C/C2C[C@@H](O)CC(=O)O2)=C(c3ccc(F)cc3)c4ccc(F)cc4,hmdh,4
Cc3cc(C)c(CCC1C[C@@H](O)CC(=O)O1)c(c2ccc(F)c(C)c2)c3,hmdh,4
CC(C)n5c(CC[C@@H](O)C[C@@H](O)CC(O)=O)c(c1ccc(F)cc1)c4c2ccccc2CN(c3ccccc3)C(=O)c45,hmdh,4
CC(C)c4c(C(=O)NCc2ccc(c1ccccc1)cc2)nc(c3ccc(F)cc3)n4CC[C@@H](O)C[C@@H](O)CC(O)=O,hmdh,4
CC(C)n3c(CC[C@@H](O)C[C@@H](O)CC(O)=O)c(c1ccc(F)cc1)c4c2ccccc2[nH]c(=O)c34,hmdh,4
CC(C)n4c(CC[C@@H](O)C[C@@H](O)CC(O)=O)c(c1ccc(F)cc1)c3CCCN(Cc2ccccc2)C(=O)c34,hmdh,4
CCc4c(C(=O)NCc2ccc(c1ccccc1)cc2)c3CCCCCc3n4CC[C@@H](O)C[C@@H](O)CC(O)=O,hmdh,4
CCC(C)(C)C(=O)O[C@H]3C[C@@H](C)CC2CC[C@H](C)[C@H](CCC1C[C@@H](O)CC(=O)O1)C23,hmdh,4
Cc4cnc(CNC(=O)c3c(c1ccccc1)c(c2ccc(F)cc2)c(CC[C@@H](O)C[C@@H](O)CC(O)=O)n3C)cn4,hmdh,4
CC(C)(C)c4ccc(CC1CCCc3c1nn(c2ccc(F)cc2)c3/C=C/[C@@H](O)C[C@@H](O)CC(O)=O)cc4,hmdh,4
CC(C)c2sc(C=C(C)C)c(c1ccc(F)cc1)c2/C=C/[C@@H](O)C[C@@H](O)CC(O)=O,hmdh,4
CC(C)c2c(OC[C@@H](O)C[C@@H](O)CC(O)=O)n(c1ccc(F)cc1)nc2C(=O)NCCc3ccccc3,hmdh,4
CC(C)c3cc(c1ccc(F)cc1)cc(c2ccc(F)cc2)c3OCC(O)C[C@@H](O)CC(O)=O,hmdh,4
C[C@@H]4C[C@H](OC(=O)Cc1ccccc1)C3[C@@H](CCC2C[C@@H](O)CC(=O)O2)[C@@H](C)C=CC3=C4,hmdh,4
CCC(C)(C)C(=O)O[C@@H]3C2[C@@H](CCC1C[C@@H](O)CC(=O)O1)[C@@H](C)C=CC2=C[C@H](C)[C@H]3[C@@H](O)c4ccccc4,hmdh,4
O[C@H](C[C@H](O)\C=C\C(=C(c1ccc(F)cc1)c2ccc(F)cc2)n3cnnn3)CC(O)=O,hmdh,4
CC(C)c4c(C(=O)NCc2cccc(c1ccccc1F)c2)nc(c3ccc(F)cc3)n4CC[C@@H](O)C[C@@H](O)CC(O)=O,hmdh,4
CC(O)(CC(O)=O)CC(O)=O,hmdh,4
CC(C)c2c(OC[C@@H](O)C[C@@H](O)CC(O)=O)n(c1ccc(F)cc1)nc2C(=O)N3CCCCC3,hmdh,4
CC(C)c4c(C(=O)OCc1ccccc1)c(c2ccccc2)c(c3ccc(F)cc3)n4CC[C@@H]5C[C@@H](O)CC(=O)O5,hmdh,4
CC(C)c2c(CC[C@@H](O)C[C@@H](O)CC(O)=O)n(c1ccc(F)cc1)nc2C(=O)N3CCCCC3c4ccccc4,hmdh,4
C[C@@H]4C[C@H](OCc1ccc(F)cc1)[C@@H]3[C@@H](CCC2C[C@@H](O)CC(=O)O2)[C@@H](C)C=CC3=C4,hmdh,4
CCn2c(CC[C@@H](O)C[C@@H](O)CC(O)=O)c(c1ccc(F)cc1)c(C)c2C(=O)NCc3cnc(C)cn3,hmdh,4
CC(C)n3c(CC[C@@H](O)C[C@@H](O)CC(O)=O)c(c1ccc(F)cc1)c(c2ccccn2)c3C#N,hmdh,4
COC(=O)C[C@H](O)C[C@H](O)\C=C\n2c(C(C)C)cc(c1ccncc1)c2c3ccc(F)cc3,hmdh,4
O[C@@H]3CC(\C=C\c1c(Cl)cc(Cl)cc1c2ccc(F)cc2)OC(=O)C3,hmdh,4
CCC(C)(C)C(=O)O[C@H]3C[C@@H](C)[C@@H](OC(=O)NCc1ccccc1)[C@@H]4CC[C@H](C)[C@H](CCC2C[C@@H](O)CC(=O)O2)C34,hmdh,4
CCC(C)(C)C(=O)O[C@H]4CC(C)(CSc1ccccc1)O[C@@H]3CC[C@H](C)[C@H](CCC2C[C@@H](O)CC(=O)O2)C34,hmdh,4
CC(C)c3nc(C1CCCCC1)cc(c2ccc(F)cc2)c3/C=C/C4C[C@@H](O)CC(=O)O4,hmdh,4
CC(C)c3cc(c1ccccc1)nc(c2ccc(F)cc2)c3/C=C/C4C[C@@H](O)CC(=O)O4,hmdh,4
CC(C)c2c(OC[C@@H](O)C[C@@H](O)CC(O)=O)n(c1ccc(F)cc1)nc2C(=O)N(C)CC3CCCCC3,hmdh,4
CC(C)c3nn(c1cnccn1)c(c2ccc(F)cc2)c3/C=C/C(O)C[C@@H](O)CC(O)=O,hmdh,4
CC(C)c3c(C(=O)NCc1ccccc1)nc(c2ccc(F)c(F)c2)n3CC[C@@H](O)C[C@@H](O)CC(O)=O,hmdh,4
CC(C)c4nc(Nc2nsc(c1ccccc1)n2)nc(c3ccc(F)cc3)c4/C=C/[C@@H](O)C[C@@H](O)CC(O)=O,hmdh,4
CC(C)c3nn(c1ccccc1)c(c2ccc(F)cc2)c3/C=C/C(O)C[C@@H](O)CC(O)=O,hmdh,4
CC(C)c4c(S(=O)(=O)N1CCOCC1)c(c2ccccc2)c(c3ccc(F)cc3)n4CC[C@@H](O)C[C@@H](O)CC(O)=O,hmdh,4
CC[C@H](C)C(=O)O[C@H]3C[C@@H](\C=C\Cc1ccccc1)C[C@@H]4C=C[C@H](C)[C@H](CC[C@@H]2C[C@@H](O)CC(=O)O2)[C@@H]34,hmdh,4
CC(C)c2c(CC[C@@H](O)C[C@@H](O)CC(O)=O)n(c1ccc(F)cc1)nc2C(=O)N3CCCC3c4ccccc4,hmdh,4
CC(C)c3nn(c1ccccn1)c(c2ccc(F)cc2)c3/C=C/C(O)C[C@@H](O)CC(O)=O,hmdh,4
O[C@H](C[C@H](O)\C=C\c4c3CCCC(Cc2ccc1ccccc1c2)c3nn4c5ccc(F)cc5)CC(O)=O,hmdh,4
CC(C)c4c(S(=O)(=O)Nc1ccccc1)c(c2ccccc2)c(c3ccc(F)cc3)n4CC[C@@H](O)C[C@@H](O)CC(O)=O,hmdh,4
CC(C)c2c(/C=C/C(O)C[C@@H](O)CC(O)=O)c(c1ccc(F)cc1)cc(C)n2=O,hmdh,4
C[C@@H]6C[C@H](OC(=O)C23CC1CC(CC(C1)C2)C3)C5[C@@H](CCC4C[C@@H](O)CC(=O)O4)[C@@H](C)C=CC5=C6,hmdh,4
CC(C)n3c(CC[C@@H](O)C[C@@H](O)CC(O)=O)c(c1ccc(F)cc1)c(c2ccccc2)c3C(=O)NC4CC4,hmdh,4
CC(C)c4c(C(=O)Nc1ccccc1)c(c2ccccc2)c(c3ccc(F)cc3)n4CC[C@@H]5C[C@@H](O)CC(=O)O5,hmdh,4
CC(C)c3sc(c1ccccc1)c(c2ccc(F)cc2)c3/C=C/[C@@H](O)C[C@@H](O)CC(O)=O,hmdh,4
NCC(NCc3ccc(c1ccnc2[nH]ccc12)s3)c4ccccc4,akt1,5
O=C7Cc6ccc(N[C@H](COc3cncc(c2ccc1CC(=O)Nc1n2)c3)Cc4c[nH]c5ccccc45)nc6N7,akt1,5
N[C@H](COc3cncc(c2ccc1[nH]c(=O)sc1c2)c3)Cc4c[nH]c5ccccc45,akt1,5
O=C3C[C@H]2O[C@H](c1ccsc1)c5c([C@H]2O3)c(=O)c4ccccc4c5=O,akt1,5
CSc5ncc4cc(c1ccccc1)c(c3ccc(CNCCc2c[nH]cn2)cc3)nc4n5,akt1,5
N[C@H](CNc3ncc(c2ccc1C(=O)NCc1c2)s3)Cc4ccc(C(F)(F)F)cc4,akt1,5
CSc5ncc4cc(c1ccccc1)c(c3ccc(CNCCc2cccnc2)cc3)nc4n5,akt1,5
N[C@H](CNc3ncc(c2ccc1NC(=O)Cc1c2)s3)Cc4ccc(C(F)(F)F)cc4,akt1,5
O=c2[nH]c1ccccc1n2C8CCN(Cc7ccc(c5nc4cc(c3nn[nH]n3)ccc4nc5c6ccccc6)cc7)CC8,akt1,5
Cc4n[nH]c5ccc(c2cc(OC[C@@H](N)Cc1ccccc1)cnc2c3ccc[nH]3)cc45,akt1,5
Cn3c(=O)[nH]c4ccc(c2cnc(NC[C@@H](N)Cc1ccc(C(F)(F)F)cc1)s2)cc34,akt1,5
NCC(NC(=O)c3ccc(c1c[nH]c2ncccc12)s3)c4ccccc4,akt1,5
N[C@H](COc3cncc(c2ccc1NC(=O)Cc1c2)c3)Cc4ccccc4,akt1,5
Cc3c[nH]c4ncnc(N2CCC(N)(CNC(=O)Oc1ccccc1)C2)c34,akt1,5
N[C@H](CNc3cc(c2ccc1cnccc1c2)no3)Cc4ccc(C(F)(F)F)cc4,akt1,5
N[C@H](COc3cncc(c2ccc1cnccc1c2)c3)Cc4ccccc4,akt1,5
Nc6ncnc7nc(c4ccc(CN3CCC(c2nc1ccc(F)cc1[nH]2)CC3)cc4)c(c5ccccc5)cc67,akt1,5
N[C@H](COc4cncc(c3ccc2[nH]nc(N1CCOCC1)c2c3)c4)Cc5c[nH]c6ccccc56,akt1,5
CSc5ncc4cc(c1ccccc1)c(c3ccc(CNCCC(=O)c2ccccc2N)cc3)nc4n5,akt1,5
Nc6n[nH]c7nc(c4ccc(CN3CCC(n1c(=O)[nH]c2ccccc12)CC3)cc4)c(c5ccccc5)cc67,akt1,5
C5CN(Cc4ccc(c2nc1ccccc1nc2c3ccccc3)cc4)CCC5c7cc(c6ccncc6)[nH]n7,akt1,5
N[C@H](CNc3nnc(c2ccc1cnccc1c2)o3)Cc4ccc(C(F)(F)F)cc4,akt1,5
CSc5ncc4cc(c1ccccc1)c(c3ccc(CNCCc2nnc(N)s2)cc3)nc4n5,akt1,5
CC(C#N)c5ccc(n3c(C)nc4cnc2ccc(C#Cc1cccnc1)cc2c34)cc5,akt1,5
C5CN(Cc4ccc(c2nc1ncccc1cc2c3ccccc3)cc4)CCC5c7n[nH]c(c6ccccn6)n7,akt1,5
O=C2C[C@H]1OCc4c([C@H]1O2)c(=O)c3ccccc3c4=O,akt1,5
C5CN(Cc4ccc(c2nc1ncccc1cc2c3ccccc3)cc4)CCC5c7cc(c6ccccn6)[nH]n7,akt1,5
Cc4n[nH]c5ccc(c3cncc(OC[C@@H](N)Cc2ccc1OCOc1c2)c3)cc45,akt1,5
Clc3c[nH]c4ncnc(N2CCc1nc[nH]c1C2)c34,akt1,5
C(Oc3cncc(c2ccc1nonc1c2)c3)[C@H](Cc4c[nH]c5ccccc45)Nc7ccc6nonc6c7,akt1,5
CNC(=O)Nc4ccc(CNc3c(C(=O)Nc2ccc1OC(F)(F)C(F)(F)Oc1c2)cnn3C)cn4,akt1,5
N[C@H](CCc3cc(c2ccc1cnccc1c2)no3)Cc4ccc(C(F)(F)F)cc4,akt1,5
NCC(NC(=O)c3cc(c1ccnc2[nH]ccc12)cs3)c4ccccc4,akt1,5
N[C@H](CNc3ncc(c2ccc1cncnc1c2)s3)Cc4ccc(C(F)(F)F)cc4,akt1,5
O=c7ccc(c6cc(C5CCN(Cc4ccc(c2nc1ncccc1cc2c3ccccc3)cc4)CC5)n[nH]6)c[nH]7,akt1,5
Cn2c(=O)n(c1ccc(C(C)(C)C#N)cc1)c5c2cnc4ccc(C#Cc3cccnc3)cc45,akt1,5
CCn3c(c1nonc1N)nc4c(c2ccc[nH]2)ncc(OCCCN)c34,akt1,5
CCn3c(c1nonc1N)nc4c(c2cc[nH]c2)ncc(OCCCN)c34,akt1,5
CSc5ncc4cc(c1ccccc1)c(c3ccc(CN2CCC(C(N)=O)CC2)cc3)nc4n5,akt1,5
CS(=O)(=O)N6CCN(Cc5cc4nc(c1cccc2[nH]ncc12)nc(N3CCOCC3)c4s5)CC6,akt1,5
N[C@H](CNc3ncc(c2ccc1[nH]c(=O)sc1c2)s3)Cc4ccc(C(F)(F)F)cc4,akt1,5
NCC(NC(=O)c3cc(c1c[nH]c2ncccc12)cs3)c4ccccc4,akt1,5
CNC(=O)Nc4ccc(CNc1ncsc1C(=O)Nc3ccc2OC(F)(F)Oc2c3)cn4,akt1,5
C[C@@]2(C(=O)Nc1ccc(F)nc1)CCCN2c6nc(Nc4cc(C3CC3)[nH]n4)c5cccn5n6,akt1,5
C5CN(Cc4ccc(c2nc1cnccc1cc2c3ccccc3)cc4)CCC5c7n[nH]c(c6ccccn6)n7,akt1,5
O=c2[nH]c1ccccc1n2C8CCN(Cc7ccc(c5nc4cc(n3cnnn3)ccc4nc5c6ccccc6)cc7)CC8,akt1,5
CNC(=O)Nc3ccc(CNc2c(C(=O)Nc1ccc(SC(F)(F)F)cc1)cnn2C)cn3,akt1,5
NCC(NC(=O)c4cc(c1ccccc1)c(c2ccnc3[nH]ccc23)s4)c5ccccc5,akt1,5
Cc4n[nH]c5ccc(c2cc(OC[C@@H](N)Cc1ccccc1)cnc2c3ccsc3)cc45,akt1,5
Cn8nnc(c7ccc6nc(c1ccccc1)c(c5ccc(CN4CCC(n2c(O)nc3ccccc23)CC4)cc5)nc6c7)n8,akt1,5
Cc2c[nH]c3ncnc(N1CCC(N)(CNC=O)C1)c23,akt1,5
O=c2[nH]c1ccccc1n2C8CCN(Cc7ccc(c5nc4cc3cn[nH]c3cc4nc5c6ccccc6)cc7)CC8,akt1,5
Nc6ncnc7nc(c4ccc(CN3CCC(n1c(=O)[nH]c2ccccc12)CC3)cc4)c(c5ccccc5)cc67,akt1,5
OP(O)(=O)Oc1ccc(OP(O)(O)=O)c(OP(O)(O)=O)c1OP(O)(O)=O,akt1,5
CC(C)=c4c(=O)[nH]c5ccc(c3cncc(OC[C@@H](N)Cc1c[nH]c2ccccc12)c3)cc45,akt1,5
Oc5ccc([C@@H]2O[C@@H]1CC(=O)O[C@@H]1c4c2c(=O)c3ccccc3c4=O)cc5,akt1,5
CCn3c(c1nonc1N)nc4c(c2ccoc2)ncc(OCCCN)c34,akt1,5
CCn3c(c1nonc1N)nc4c(C#CC2CC2)ncc(OCCCN)c34,akt1,5
N[C@H](CNc2cnc(Cl)c(/C=C/c1ccncc1)c2)CC3CNc4ccccc34,akt1,5
Cc4n[nH]c5ccc(c2cc(OC[C@@H](N)Cc1ccccc1)cnc2c3cccs3)cc45,akt1,5
COc5cc4ncc3c(N)nc(c2cncc(OC[C@@H](N)Cc1cccc(Cl)c1)c2)cc3c4cc5OC,akt1,5
N[C@H](CNc3ncc(c2ccc1nnn(N)c1c2)s3)Cc4ccc(C(F)(F)F)cc4,akt1,5
O=C3C[C@H]2O[C@H](COCc1ccccc1)c5c([C@H]2O3)c(=O)c4ccccc4c5=O,akt1,5
N[C@H](COc3cncc(c2ccc1cnccc1c2)c3)Cc5cnc4ccccc4c5,akt1,5
Cc3n[nH]c4ccc(c2cncc(OC[C@@H](N)CCCc1ccccc1)c2)cc34,akt1,5
N[C@H](COc3cncc(/C=C/c2ccnc(NC1CC1)c2)c3)Cc4c[nH]c5ccccc45,akt1,5
CSc7ncc6cc(c1ccccc1)c(c5ccc(CN4CCC(c3nc(c2cccnc2)no3)CC4)cc5)nc6n7,akt1,5
N[C@H](COc3cncc(c2ccc1cnccc1c2)c3)Cc4csc5ccccc45,akt1,5
O=c2[nH]c1ccccc1n2C8CCN(Cc7ccc(c5nc4ccc(n3cnnn3)cc4nc5c6ccccc6)cc7)CC8,akt1,5
NCC(NC(=O)c4cc(c1cn[nH]c1)c(c2ccnc3[nH]ccc23)s4)c5ccccc5,akt1,5
NCC(NC(=O)c4cc(c1cccnc1)c(c2ccnc3[nH]ccc23)s4)c5ccccc5,akt1,5
O=c2[nH]c1ccccc1n2C8CCN(Cc7ccc(c5nc4ccc(c3nn[nH]n3)cc4nc5c6ccccc6)cc7)CC8,akt1,5
CSc6ncc5cc(c1ccccc1)c(c4ccc(CNCCc3n[nH]c(c2ccccc2)n3)cc4)nc5n6,akt1,5
O=c2[nH]c1ccccc1n2C8CCN(Cc7ccc(c5nc4cc3nc[nH]c3cc4nc5c6ccccc6)cc7)CC8,akt1,5
N[C@H](COc4cncc(c3ccc2cnc(c1ccco1)cc2c3)c4)Cc5c[nH]c6ccccc56,akt1,5
O=C3C[C@H]2O[C@H](c1cccs1)c5c([C@H]2O3)c(=O)c4ccccc4c5=O,akt1,5
N[C@H](COc4cncc(c3ccc2cnc(C#Cc1ccccc1)cc2c3)c4)Cc5c[nH]c6ccccc56,akt1,5
Cc2nc1ccccc1n2C7CCN(Cc6ccc(c4nc3ncnc(N)c3cc4c5ccccc5)cc6)CC7,akt1,5
Cc4n[nH]c5ccc(c3cncc(OC[C@@H](N)Cc1cccc2OC(F)(F)Oc12)c3)cc45,akt1,5
NC[C@H](Cc1cccc(F)c1)NC(=O)c4cc(Br)c(c2ccnc3[nH]ccc23)s4,akt1,5
Cc4n[nH]c5cnc(c3cncc(OC[C@@H](N)Cc1cccc2OC(F)(F)Oc12)c3)cc45,akt1,5
N[C@H](COc2cncc(/C=C/c1ccncc1)c2)Cc3c[nH]c4ccccc34,akt1,5
C(Oc3cncc(c2cc1ccncc1s2)c3)[C@H](Cc4c[nH]c5ccccc45)Nc7cc6ccncc6s7,akt1,5
N[C@H](COc3cncc(c2ccc1[nH]c(=O)c(=O)c1c2)c3)Cc4c[nH]c5ccccc45,akt1,5
CCn3c(c1nonc1N)nc4c(C#CC(C)(C)O)ncc(OCCCNCCc2ccc(OC)cc2)c34,akt1,5
C6CN(Cc5ccc(c3nc2nc(n1ccnc1)ncc2cc3c4ccccc4)cc5)CCC6c8nnc(c7ccccn7)[nH]8,akt1,5
COc4ccc(O)c(C(=O)c3ccc(C(=O)O[C@@H]1CCCNCC1NC(=O)c2ccncc2)cc3)c4F,akt1,5
N[C@H](CNc3ncc(c2ccc1cnccc1c2)s3)Cc4ccc(C(F)(F)F)cc4,akt1,5
CSc6ncc5cc(c1ccccc1)c(c4ccc(CN3CCC(C(=O)Nc2ccncc2)CC3)cc4)nc5n6,akt1,5
CSc7ncc6cc(c1ccccc1)c(c5ccc(CN4CCC(c3cc(c2ccncc2)[nH]n3)CC4)cc5)nc6n7,akt1,5
Oc7nc6ccc(N[C@H](COc3cncc(c2ccc1nc(O)sc1c2)c3)Cc4c[nH]c5ccccc45)cc6s7,akt1,5
N[C@H](COc3cncc(c2ccc1[nH]c(=O)oc1c2)c3)Cc4c[nH]c5ccccc45,akt1,5
Clc3c[nH]c4ncnc(N2CCC1(CCNCC1)C2)c34,akt1,5
O=c6[nH]ccc7nc(c4ccc(CN3CCC(c2nnc(c1cnccn1)[nH]2)CC3)cc4)c(c5ccccc5)cc67,akt1,5
CSc7ncc6cc(c1ccccc1)c(c5ccc(CN4CCC(n2ncc3c(N)ncnc23)CC4)cc5)nc6n7,akt1,5
COc4ccc(O)c(C(=O)c3ccc(C(=O)N[C@@H]1CCCNCC1NC(=O)c2ccncc2)cc3)c4F,akt1,5
N[C@H](COc4cncc(c3ccc2[nH]nc(c1ccccc1)c2c3)c4)Cc5c[nH]c6ccccc56,akt1,5
NC4(C(=O)NCc1ccc(Cl)cc1Cl)CCN(c2ncnc3[nH]ccc23)CC4,akt1,5
CSc7ncc6cc(c1ccccc1)c(c5ccc(CN4CCC(c3nnc(c2ccccn2)[nH]3)CC4)cc5)nc6n7,akt1,5
CSc6ncc5cc(c1ccccc1)c(c4ccc(CN3CCC(c2nnc(N)s2)CC3)cc4)nc5n6,akt1,5
O=C6NCCc7nc(c4ccc(CN3CCC(c2nnc(c1ccccn1)[nH]2)CC3)cc4)c(c5ccccc5)cc67,akt1,5
O=C6N=CC=C7N=C(c4ccc(CN3CCC(c2n[nH]c(c1ccccn1)n2)CC3)cc4)C(c5ccccc5)=CC67,akt1,5
Nc7nnc8c6cc(c1ccccc1)c(c5ccc(CN4CCC(n3cnc(c2ccccn2)c3)CC4)cc5)nc6ccn78,akt1,5
CC(C)(CC1CC1)C5C(=O)Nc6ccc(c4cncc(OC[C@@H](N)Cc2c[nH]c3ccccc23)c4)cc56,akt1,5
N[C@H](COc4cncc(c3ccc2NC(=O)C(C1CC1)c2c3)c4)Cc5c[nH]c6ccccc56,akt1,5
O=C7Cc6cc(N[C@H](COc3cncc(c2ccc1NC(=O)Cc1c2)c3)Cc4c[nH]c5ccccc45)ccc6N7,akt1,5
Cc3n[nH]c4ccc(c2nnc(NC[C@@H](N)Cc1ccc(C(F)(F)F)cc1)s2)cc34,akt1,5
C5CN(Cc4ccc(c2nc1cccnc1cc2c3ccccc3)cc4)CCC5c7n[nH]c(c6ccccn6)n7,akt1,5
N[C@H](COc4cncc(c3ccc2NC(=O)C(c1ccccc1)c2c3)c4)Cc5c[nH]c6ccccc56,akt1,5
CC(C)(Cc1ccccc1)C5C(=O)Nc6ccc(c4cncc(OC[C@@H](N)Cc2c[nH]c3ccccc23)c4)cc56,akt1,5
N[C@H](CNc3ncc(c2ccc1[nH]ncc1c2)s3)Cc4ccc(C(F)(F)F)cc4,akt1,5
Cc3n[nH]c4ccc(c2cncc(NC[C@@H](N)Cc1ccccc1)c2)cc34,akt1,5
CCn3c(c1nonc1N)nc4c(C#CC(C)(C)O)ncc(OCC2CCNC2)c34,akt1,5
CCn3c(c1nonc1N)nc4c(C#CC(C)(C)O)ncc(OC2CCNCC2)c34,akt1,5
N[C@H](CNc3ncc(c2ccc1[nH]c(=O)oc1c2)s3)Cc4ccc(C(F)(F)F)cc4,akt1,5
NC6(c5ccc(c3nc2ccn1c(=O)[nH]nc1c2cc3c4ccccc4)cc5)CCC6,akt1,5
Cc5n[nH]c6ccc(c3cc(OC[C@@H](N)Cc1c[nH]c2ncccc12)cnc3c4ccoc4)cc56,akt1,5
CC5(C)CCCN(c4ccc(O)c(C(=O)c3ccc(C(=O)N[C@@H]1CCCNC[C@H]1NC(=O)c2ccncc2)cc3)c4)C5,akt1,5
Oc7nc6ccc(N[C@H](COc3cncc(c2ccc1nc(O)oc1c2)c3)Cc4c[nH]c5ccccc45)cc6o7,akt1,5
N[C@H](COc3cncc(c2cnc1NC(=O)Cc1c2)c3)Cc4c[nH]c5ccccc45,akt1,5
C5CN(Cc4ccc(c2nc1ccncc1cc2c3ccccc3)cc4)CCC5c7n[nH]c(c6ccccn6)n7,akt1,5
NC4(C(=O)NCc1ccc(Cl)cc1)CCN(c2ccnc3[nH]ccc23)CC4,akt1,5
Cc4n[nH]c5ccc(c3cncc(OC[C@@H](N)Cc2ccc1ccccc1c2)c3)cc45,akt1,5
CC(C)(Cc1ncc[nH]1)C5C(=O)Nc6ccc(c4cncc(OC[C@@H](N)Cc2c[nH]c3ccccc23)c4)cc56,akt1,5
O=c6[nH]ccc7nc(c4ccc(CN3CCC(c2nnc(c1ncccn1)[nH]2)CC3)cc4)c(c5ccccc5)cc67,akt1,5
Cc4n[nH]c5ccc(c3cncc(OC[C@@H](N)Cc2cccc(OCC1CCNCC1)c2)c3)cc45,akt1,5
N[C@H](COc3cncc(c2ccc1cnccc1c2)c3)Cc4n[nH]c5ccccc45,akt1,5
Cc4n[nH]c5cnc(c3cncc(OC[C@@H](N)Cc2cccc(OCC1CCNCC1)c2)c3)cc45,akt1,5
Cc4n[nH]c5ccc(c3cncc(OC[C@@H](N)Cc1csc2ccccc12)c3)cc45,akt1,5
CC(C)(C)c4ccc(CC3(N)CCN(c1ccnc2[nH]ncc12)CC3)cc4,akt1,5
Oc7[nH]c6ccc(N[C@H](COc3cncc(c2ccc1[nH]c(O)c(N=O)c1c2)c3)Cc4c[nH]c5ccccc45)cc6c7N=O,akt1,5
N[C@H](COc4cncc(c3cc2c(c1ccco1)n[nH]c2cn3)c4)Cc5ccccc5,akt1,5
Cc4n[nH]c5ncc(c2cc(OC[C@@H](N)Cc1ccccc1)c(N)nc2c3ccoc3C)nc45,akt1,5
CNc3nccc(c2ccc(C(=O)N[C@H](CN)Cc1ccc(Cl)cc1Cl)s2)n3,akt1,5
CCn3c(c1nonc1N)nc4c(C#CC(C)(C)O)nc(CN2CCCC2)cc34,akt1,5
NCC(NC(=O)c4cc(C1CC1)c(c2ccnc3[nH]ccc23)s4)c5ccccc5,akt1,5
N[C@H](COc4cncc(c3ccc2NC(=O)C(c1ncc[nH]1)c2c3)c4)Cc5c[nH]c6ccccc56,akt1,5
CCn3c(c1nonc1N)nc4c(C#CC(C)(C)O)ncc(OCC[C@@H](N)Cc2ccccc2)c34,akt1,5
N[C@H](COc3cncc(c2ccc1cnccc1c2)c3)Cc5ccc4ccccc4c5,akt1,5
N[C@H](CNc3nnc(c2ccc1cnccc1c2)s3)Cc4ccc(C(F)(F)F)cc4,akt1,5
NC4(COCc1ccc(Cl)cc1)CCN(c2ncnc3[nH]ccc23)CC4,akt1,5
N[C@H](COc4cncc(c3ccc2[nH]c(=O)\c(=C/c1ccc[nH]1)c2c3)c4)Cc5ccccc5,akt1,5
Cc3n[nH]c4cnc(c2cncc(OC[C@@H](N)Cc1cccc(C(F)(F)F)c1)c2)cc34,akt1,5
NC4(Cc1ccc(Cl)cc1)CCN(c2ncnc3[nH]ccc23)CC4,akt1,5
NC[C@H](CC1CCCCC1)NC(=O)c4cc(Br)c(c2ccnc3[nH]ccc23)s4,akt1,5
CCc3ncc(OC[C@@H](N)Cc1c[nH]c2ccccc12)cc3c5ccc4cnccc4c5,akt1,5
Cc5n[nH]c6ccc(c3cc(OC[C@@H](N)Cc1c[nH]c2cc(F)ccc12)cnc3c4ccoc4)cc56,akt1,5
N[C@H](COc4cncc(c3ccc2NC(=O)C(c1cccs1)c2c3)c4)Cc5c[nH]c6ccccc56,akt1,5
CC(C)(Cc1cccs1)C5C(=O)Nc6ccc(c4cncc(OC[C@@H](N)Cc2c[nH]c3ccccc23)c4)cc56,akt1,5
Cc3n[nH]c4ccc(c2cncc(OC[C@@H](N)Cc1cccc(I)c1)c2)cc34,akt1,5
O=c7ccc(c6nnc(C5CCN(Cc4ccc(c2nc1cc[nH]c(=O)c1cc2c3ccccc3)cc4)CC5)[nH]6)c[nH]7,akt1,5
Cc5n[nH]c6ncc(c3cc(OC[C@@H](N)Cc1c[nH]c2ccccc12)cnc3c4ccoc4)cc56,akt1,5
Cc5n[nH]c6cnc(c3cc(OC[C@@H](N)Cc1c[nH]c2ccccc12)cnc3c4ccoc4)nc56,akt1,5
Cc5n[nH]c6cnc(c3cc(OC[C@@H](N)Cc1c[nH]c2ccccc12)cnc3c4ccoc4)cc56,akt1,5
CCn3c(c1nonc1N)nc4c(C#CC(C)(C)O)ncc(OC[C@H]2CCCNC2)c34,akt1,5
CCc3c[nH]c4ncnc(N2CC[C@](N)(CNC(=O)c1ccc(F)cc1F)C2)c34,akt1,5
Cc5n[nH]c6ncc(c3cc(OC[C@@H](N)Cc1c[nH]c2ccccc12)cnc3c4ccoc4C)nc56,akt1,5
Cc4n[nH]c5cnc(c3cncc(OC[C@@H](N)Cc1c[nH]c2ccccc12)c3)cc45,akt1,5
CCn3c(c1nonc1N)nc4c(C#CC(C)(C)O)nc(O[C@@H](CCN)c2ccccc2)cc34,akt1,5
Cc4n[nH]c5ccc(c3cncc(OC[C@@H](N)Cc2ccc1OC(F)(F)C(F)(F)Oc1c2)c3)cc45,akt1,5
Cc5n[nH]c6ccc(c3cc(OC[C@@H](N)Cc1c[nH]c2ccncc12)cnc3c4ccoc4)cc56,akt1,5
Cc5n[nH]c6ccc(c3cc(OC[C@@H](N)Cc1c[nH]c2ccccc12)cnc3c4ccoc4)nc56,akt1,5
CC(C)(Cc1cccnc1)C5C(=O)Nc6ccc(c4cncc(OC[C@@H](N)Cc2c[nH]c3ccccc23)c4)cc56,akt1,5
N[C@H](COc4cncc(c3ccc2NC(=O)C(c1cccnc1)c2c3)c4)Cc5c[nH]c6ccccc56,akt1,5
CC(C)(Cc1ccccn1)C5C(=O)Nc6ccc(c4cncc(OC[C@@H](N)Cc2c[nH]c3ccccc23)c4)cc56,akt1,5
N[C@H](COc4cncc(c3ccc2NC(=O)C(c1ccccn1)c2c3)c4)Cc5c[nH]c6ccccc56,akt1,5
CCn3c(c1nonc1N)nc4c(C#CC(C)(C)O)ncc(OCC2CCNCC2)c34,akt1,5
Cc4n[nH]c5ccc(c2cc(OC[C@@H](N)Cc1ccccc1)cnc2c3ccoc3)cc45,akt1,5
Cc5n[nH]c6ccc(c3cc(OC[C@@H](N)Cc1c[nH]c2cccnc12)cnc3c4ccoc4)cc56,akt1,5
N[C@H](COc4cncc(c3ccc2[nH]nc(c1nccs1)c2c3)c4)Cc5c[nH]c6ccccc56,akt1,5
N[C@H](CNc2cncc(/C=C/c1ccncc1)c2)Cc3c[nH]c4ccccc34,akt1,5
Cc4n[nH]c5ccc(c3cncc(OC[C@@H](N)Cc1c[nH]c2ccccc12)c3)cc45,akt1,5
N[C@H](COc4cncc(c3ccc2NC(=O)C(c1ccco1)c2c3)c4)Cc5c[nH]c6ccccc56,akt1,5
CC(C)(Cc1ccco1)C5C(=O)Nc6ccc(c4cncc(OC[C@@H](N)Cc2c[nH]c3ccccc23)c4)cc56,akt1,5
CCn3c(c1nonc1N)nc4c(C#CC(C)(C)O)nc(OC[C@H](N)Cc2ccccc2)cc34,akt1,5
COc2ccc1ccccc1c2C[C@H](N)COc5cncc(c4ccc3[nH]nc(C)c3c4)c5,akt1,5
N[C@H](COc4cncc(c3ccc2[nH]nc(c1ccc[nH]1)c2c3)c4)Cc5c[nH]c6ccccc56,akt1,5
N[C@H](COc4cncc(c3ccc2[nH]nc(c1cccs1)c2c3)c4)Cc5c[nH]c6ccccc56,akt1,5
N[C@H](COc4cnc(c1ccco1)c(c3ccc2cnccc2c3)c4)Cc5c[nH]c6ccccc56,akt1,5
N[C@H](COc3cncc(c2ccc1NC(=O)C(F)(F)c1c2)c3)Cc4c[nH]c5ccccc45,akt1,5
N[C@H](COc4cncc(c3ccc2NC(=O)C(c1ccc[nH]1)c2c3)c4)Cc5c[nH]c6ccccc56,akt1,5
CN[C@@H]1CC5O[C@@](C)([C@@H]1OC)n7c2ccccc2c8c3CNC(=O)c3c6c4ccccc4n5c6c78,akt1,5
CC(C)(Cc1ccc[nH]1)C5C(=O)Nc6ccc(c4cncc(OC[C@@H](N)Cc2c[nH]c3ccccc23)c4)cc56,akt1,5
NC[C@H](Cc1ccncc1)NC(=O)c4cc(Br)c(c2ccnc3[nH]ccc23)s4,akt1,5
CCn2c(c1nonc1N)nc3c(C#CC(C)(C)O)nc(CN(C)C)cc23,akt1,5
N#Cc4c[nH]c5ncnc(N2CC1(CCNCC1)c3ccccc23)c45,akt1,5
COc2cc1CCN(C(=O)CN(C)C)c1cc2Nc6nc(Nc4cccc3CNC(=O)c34)c5cc[nH]c5n6,akt1,5
N[C@H](COc4cncc(c3ccc2[nH]nc(C1CC1)c2c3)c4)Cc5c[nH]c6ccccc56,akt1,5
Oc7nnc8c6cc(c1ccccc1)c(c5ccc(CN4CCC(c3n[nH]c(c2ccccn2)n3)CC4)cc5)nc6ccn78,akt1,5
COc7ccc(c6nnc(C5CCN(Cc4ccc(c2nc1cc[nH]c(=O)c1cc2c3ccccc3)cc4)CC5)[nH]6)cn7,akt1,5
NCC(C(=O)Nc3ccc(c1ccnc2[nH]ccc12)s3)c4ccccc4,akt1,5
CNCC(NC(=O)c3cc(Br)c(c1ccnc2[nH]ccc12)s3)c4ccccc4,akt1,5
Cc4n[nH]c5ccc(c2cc(OC[C@@H](N)Cc1ccccc1)cnc2c3cc(Cl)ccc3O)cc45,akt1,5
N[C@H](COc4cncc(c3ccc2[nH]c(=O)/c(=C/c1ccco1)c2c3)c4)Cc5ccccc5,akt1,5
N[C@H](COc4cncc(c3ccc2NC(=O)C(Cc1ccco1)c2c3)c4)Cc5ccccc5,akt1,5
N[C@H](COc4cncc(c3cc2c(c1ccccc1)n[nH]c2cn3)c4)Cc5ccccc5,akt1,5
CC(C)(Cc1cc[nH]c1)C5C(=O)Nc6ccc(c4cncc(OC[C@@H](N)Cc2c[nH]c3ccccc23)c4)cc56,akt1,5
CCn3c(c1nonc1N)nc4c(C#CC(C)(C)O)nc(OC[C@H](N)c2ccccc2)cc34,akt1,5
COc2ccc(C(C(=O)NO)S(=O)c1ccc(OCC#CC)cc1)cc2,ada17,6
Cc5cc(COc3ccc(C(=O)NCC2(Cc1ccccc1)C(=O)NC(=O)NC2=O)cc3)c4ccccc4n5,ada17,6
CNCCOc2ccc([C@@H](NS(=O)(=O)c1ccc(OCC#CC)cc1)C(=O)NO)cc2,ada17,6
CC#CCOc2ccc(S(=O)(=O)N1CCS(=O)(=O)CCC1C(=O)NO)cc2,ada17,6
Cc4cc(COc2ccc(S(=O)(=O)CC(C1CCC(=O)CC1)N(O)C=O)cc2)c3ccccc3n4,ada17,6
ONC(=O)[C@H]1[C@@H](O)[C@H](O)[C@H](O)CN1S(=O)(=O)c3ccc(c2ccccc2)cc3,ada17,6
N\C(NN(=O)=O)=N\CCC[C@H](NC(=O)[C@H](CC1CCCCC1)[C@H](C2CC2)N(O)C=O)C(=O)Nc3nccs3,ada17,6
O[C@H]([C@@H](O)C(=O)N1CCCC1c2ccccc2)C(=O)NCc4nc(Cc3ccccc3)co4,ada17,6
COc3ccc2[nH]n(CC1(C)NC(=O)NC1=O)c(=O)c2c3,ada17,6
Cc5cc(COc3ccc(C(=O)NC1CCCC12C(=O)NC(=O)NC2=O)cc3)c4ccccc4n5,ada17,6
Cc5cc(COc3ccc(C(=O)N[C@@H]1CCCCC[C@@]12NC(=O)NC2=O)cc3)c4ccccc4n5,ada17,6
Cc5cc(COc3ccc(C(=O)NC2(Cc1n[nH]c(=S)[nH]1)CCOCC2)cc3)c4ccccc4n5,ada17,6
CC#CCOc3ccc(S(=O)(=O)N(C)c2c(N1CCN(C)CC1)ccc(Br)c2C(=O)NO)cc3,ada17,6
CC#CCOc3ccc(S(=O)(=O)N(C)c2c(C1CCN(C)CC1)cc(Br)cc2C(=O)NO)cc3,ada17,6
Cc5cc(COc3ccc(N2CC[C@H]([C@H](N1CCCC1)C(=O)NO)C2=O)cc3)c4ccccc4n5,ada17,6
CN(c1c(C)cc(Br)cc1C(=O)NO)S(=O)(=O)c4ccc(c3ccc(OCc2nccs2)cc3)cc4,ada17,6
CC#CCNc2ccc(S(=O)(=O)[C@@H]1CCC[C@@H](S)C1)cc2,ada17,6
CC#CCOc3ccc(S(=O)(=O)N2CCCN(C(=O)c1cccs1)CC2C(=O)NO)cc3,ada17,6
Cc1cnsc1COc3ccc(S(=O)(=O)N2C[C@H](O)CC(C)(C)[C@@H]2C(=O)NO)cc3,ada17,6
C[C@@H](N3CCNc2cc(Oc1ccc(N(=O)=O)cc1)ccc2S3(=O)=O)C(=O)NO,ada17,6
Cc5cc(COc3ccc(NC(=O)C[C@@H]1CCCC[C@@]12NC(=O)NC2=O)cc3)c4ccccc4n5,ada17,6
Cc5cc(COc3ccc(NC(=O)C[C@@H]1CCC[C@@]12NC(=O)NC2=O)cc3)c4ccccc4n5,ada17,6
CCOP(=O)(N[C@@H](CCC(=O)NCCc1ccccc1)C(=O)NO)c2ccc(OC)cc2,ada17,6
Cn1nnnc1c2ccccc2c6ccc([C@]5(CN4Cc3ccc(F)cc3C4=O)NC(=O)NC5=O)cc6,ada17,6
COc3ccc2CN(CC1(C)NC(=O)NC1=O)C(=O)c2c3,ada17,6
CC#CCOc3ccc(S(=O)(=O)N2CCN(C(=O)c1ccccc1)CCC2C(=O)NO)cc3,ada17,6
COc3ccc(S(=O)(=O)N(CC#CCN1CCN(C)CC1)c2c(C)cc(Br)cc2C(=O)NO)cc3,ada17,6
CC4(C)C[C@@H](O)CN(S(=O)(=O)c3ccc(OCc1nccc2ccccc12)cc3)[C@H]4C(=O)NO,ada17,6
CC#CCOc4ccc(S(=O)(=O)N3Cc1ccccc1N(C(=O)C2CC2)CC3C(=O)NO)cc4,ada17,6
Cc5cc(COc3ccc(S(=O)(=O)C2(C(=O)NO)CCN(Cc1ccncc1)CC2)cc3)c4ccccc4n5,ada17,6
NC(=O)[C@@]5(Cc4ccc(OCc2cc(N1CCOCC1)nc3ccccc23)c(F)c4)C[C@@H]5C(=O)NO,ada17,6
CC(C)C(=O)N4CC[C@H](C(=O)Nc3ccc(OCc1cc(C)nc2ccccc12)cc3)[C@@H](C(=O)NO)C4,ada17,6
CNC(=O)[C@@H](NC(=O)[C@H](CC(C)C)[C@H](NCc1cccc2cccnc12)C(=O)NO)C(C)(C)C,ada17,6
ONC(=O)[C@H]1C[C@]1(Cc5ccc(OCc3cc(c2ccccc2)nc4ccccc34)cc5)C(=O)N6CC[C@H](O)C6,ada17,6
Cc5cc(COc3ccc(NC(=O)[C@H]2CCN(C(=O)OCc1cscn1)C[C@@H]2C(=O)NO)cc3)c4ccccc4n5,ada17,6
Cc5cc(COc3ccc(NC(=O)[C@H]2CCN(C(=O)OCc1nccs1)C[C@@H]2C(=O)NO)cc3)c4ccccc4n5,ada17,6
Cc5cc(COc3ccc(NC(=O)[C@H]2CN(C(=O)c1ccco1)CC[C@@H]2C(=O)NO)cc3)c4ccccc4n5,ada17,6
Cc5cc(COc3ccc(NC(=O)[C@H]2CCN(S(=O)(=O)c1cn(C)cn1)C[C@@H]2C(=O)NO)cc3)c4ccccc4n5,ada17,6
CNC(=O)[C@@H](NC(=O)[C@H](CC(C)C)[C@H](OCc2cc1c(O)nc(C)nc1cc2Br)C(=O)NO)C(C)(C)C,ada17,6
CNC(=O)[C@@H](NC(=O)[C@H](CC(C)C)[C@H](OCc1cccc2ccccc12)C(=O)NO)C(C)(C)C,ada17,6
Fc4ccc([C@]3(CN2Cc1ccc(Cl)cc1C2=O)NC(=O)NC3=O)cc4,ada17,6
CNC(=O)[C@@H](NC(=O)[C@H](CC(C)C)[C@H](O)C(=O)NO)C(C)(C)C,ada17,6
CC#CCNc2ccc(S(=O)(=O)N1CC(S)C1)cc2,ada17,6
COc2cccc3c(N(C)S(=O)(=O)c1ccc(OCC#CC)cc1)c(C(=O)NO)cnc23,ada17,6
O[C@H]([C@@H](O)C(=O)N1CCCC1c2cccc(Cl)c2)C(=O)NCCc3cccs3,ada17,6
COC(=O)[C@]3(c2cccc(OCc1ccc(Cl)c(Cl)c1)c2)C[C@H]3C(=O)NO,ada17,6
ONC(=O)[C@H]1CC[C@@H](O)CN1S(=O)(=O)c4ccc(OCc2cccc3ccccc23)cc4,ada17,6
COc4ccc(P(=O)(OCC1CCCCC1)N3Cc2ccccc2CC3C(=O)NO)cc4,ada17,6
Cc5cc(COc3ccc(S(=O)(=O)CC(C1CCC2(CC1)OCCO2)N(O)C=O)cc3)c4ccccc4n5,ada17,6
CNC(=O)[C@H](Cc1ccccc1)NC(=O)[C@H](CC(C)C)[C@H](CSc2cccs2)C(=O)NO,ada17,6
CCOP(=O)(CCc1ccccc1)N3Cc2ccccc2CC3C(=O)NO,ada17,6
CC#CCOc4ccc(S(=O)(=O)N3Cc2ccc(CN1CCNCC1)cc2N(C(C)=O)CC3C(=O)NO)cc4,ada17,6
COC(=O)N2CC1(CC1)C[C@H](C(=O)NO)[C@H]2C(=O)N4CCC(c3ccccc3)=CC4,ada17,6
Cc5cc(COc3ccc(C(=O)Nc1ccccc1C2NC(=O)NC2=O)cc3)c4ccccc4n5,ada17,6
CC#CCOc3ccc(S(=O)(=O)N(C)c1c(C(=O)NO)cnc2snc(C)c12)cc3,ada17,6
CCOP(=O)(N2Cc1ccccc1CC2C(=O)NO)c4ccc(Oc3ccncc3)cc4,ada17,6
CCOP(=O)(N2Cc1nccnc1CC2C(=O)NO)c3ccc(OC)cc3,ada17,6
O[C@H]([C@@H](O)C(=O)N1CCC[C@@H]1c2cccc(Cl)c2)C(=O)NCc4cc(CC3C=CC=CC3Cl)cs4,ada17,6
CC#CCOc2ccc(S(=O)(=O)N1CCSCCC1C(=O)NO)cc2,ada17,6
COc4ccc(S(=O)(=O)N3Cc1ccccc1N(C(=O)c2cccs2)CC3C(=O)NO)cc4,ada17,6
Cc5cc(COc3ccc(C(=O)N[C@@H]1CN(C(=O)OC(C)(C)C)CC12NC(=O)NC2=O)cc3)c4ccccc4n5,ada17,6
Cc4cc(COc2ccc(C(=O)NCC1(NC(=O)OC(C)(C)C)C(=O)NC(=O)NC1=O)cc2)c3ccccc3n4,ada17,6
Cc5cc(COc3ccc(C(=O)NCC2(C1CCN(C(=O)C(C)(C)C)CC1)C(=O)NC(=O)NC2=O)cc3)c4ccccc4n5,ada17,6
CC#CCOc3ccc(S(=O)(=O)N2CCN(C(=O)c1cccs1)CC2C(=O)NO)cc3,ada17,6
CC#CCOc3ccc(S(=O)(=O)N2Cc1ccc(CO)cc1N(C(C)=O)CC2C(=O)NO)cc3,ada17,6
Cc1nscc1COc3ccc(S(=O)(=O)N2C[C@H](O)CC(C)(C)[C@@H]2C(=O)NO)cc3,ada17,6
CNC(=O)[C@@H](NC(=O)[C@H](CCCOCc1ccccc1)[C@H](OCc3ccc2nc(C)nc(O)c2c3)C(=O)NO)C(C)(C)C,ada17,6
CC(C)CN4CCC(CC(CS(=O)(=O)c3ccc(OCc1cc(C)nc2ccccc12)cc3)N(O)C=O)CC4,ada17,6
CNC(=O)CNC(=O)[C@@H]1Cc2ccc(OCCC[C@H](C(=O)NO)[C@@H](CC(C)C)C(=O)N1)cc2,ada17,6
Cc5cc(COc3cccc([C@@]2(C(=O)Nc1ccccc1)C[C@H]2C(=O)NO)c3)c4ccccc4n5,ada17,6
COc3ccc(S(=O)(=O)N(C)c2c(CN1CCN(C)CC1)cc(Br)cc2C(=O)NO)cc3,ada17,6
Cc5cc(COc3ccc(C(=O)Nc1ccccc1Cc2n[nH]c(=O)[nH]2)cc3)c4ccccc4n5,ada17,6
CC#CCOc2ccc(S(=O)(=O)C(C1CCCCC1)C(=O)NO)cc2,ada17,6
CC#CCOc3ccc(S(=O)(=O)C(C2CCN(C(=O)C1CC1)CC2)C(=O)NO)cc3,ada17,6
Cc5cc(COc3ccc(C(=O)N[C@@H]1CCCC[C@@]12NC(=O)NC2=O)cc3)c4ccccc4n5,ada17,6
ONC(=O)[C@H]1CCC[C@@H]1C(=O)Nc3ccc(OCc2cc(Cl)cc(Cl)c2)cc3,ada17,6
CC#CCOc2ccc(S(=O)(=O)C(C1CCOCC1)C(=O)NO)cc2,ada17,6
COC(=O)[C@]4(c3cccc(OCCc1cccc2ccccc12)c3)C[C@H]4C(=O)NO,ada17,6
COc2ccc(C(Sc1ccc(OCC#CC)cc1)C(=O)NO)cc2,ada17,6
Cc4cc(COc2ccc(C(=O)NC(C)(C)Cc1n[nH]c(=S)[nH]1)cc2)c3ccccc3n4,ada17,6
CC#CCOc2ccc(S(=O)(=O)C1CCC(S)C1)cc2,ada17,6
CC#CCOc4ccc(S(=O)(=O)N3Cc2cc(NCCc1ccccn1)ccc2N(C(C)=O)CC3C(=O)NO)cc4,ada17,6
COc5ccc(S(=O)(=O)N(C)c4c(CN1CCN(C)CC1)cc(c3ccc2ccccc2c3)cc4C(=O)NO)cc5,ada17,6
CC(C)C[C@H]([C@H](Cc1ccccc1)N(O)C=O)C(=O)N[C@@H](CCC/N=C(/N)NN(=O)=O)C(=O)Nc2nccs2,ada17,6
O[C@H]([C@@H](O)C(=O)N1CCCC1c2ccccc2)C(=O)NCCc4nc(Cc3ccccc3)cs4,ada17,6
CC#CCOc2ccc(S(=O)(=O)C1(C(=O)NO)CCN(C(C)=O)CC1)cc2,ada17,6
Cc4cc(COc2ccc(S(=O)(=O)CC(C1CCC(=C)CC1)N(O)C=O)cc2)c3ccccc3n4,ada17,6
CCOP(=O)(N2Cc1ccccc1CC2C(=O)NO)c4ccc(c3ccccc3)cc4,ada17,6
ONC(=O)[C@H]1CCCC[C@@H]1C(=O)Nc4ccc(COc3ccc2ncccc2c3)cc4,ada17,6
CN(c1c(C)cc(Br)cc1C(=O)NO)S(=O)(=O)c4ccc(c3ccc(OCc2ccsc2)cc3)cc4,ada17,6
COc3cc(CNc2ccc1c(NCCN([C@H](CC(C)C)C(=O)NO)S1(=O)=O)c2)cc(OC)c3,ada17,6
Cc4cc(COc2ccc(C(=O)NC1(C)C(=O)NC(=O)NC1=O)cc2)c3ccccc3n4,ada17,6
C[C@@H](N4CC[C@@](C)(c3ccc(OCc1cc(C)nc2ccccc12)cc3)C4=O)C(=O)NO,ada17,6
Cc5cc(COc3ccc(NC(=O)[C@H]2CCN(C(=O)c1ccco1)C[C@@H]2C(=O)NO)cc3)c4ccccc4n5,ada17,6
Fc5ccc4CN(C[C@@]3(c2ccc(c1c[nH]c(=O)c(Cl)c1)cc2)NC(=O)NC3=O)C(=O)c4c5,ada17,6
Cc4cc(COc2ccc(C(=O)N[C@@H]1CN(CC#C)C[C@@H]1C(=O)NO)cc2)c3ccccc3n4,ada17,6
NC(=O)[C@@]5(Cc4ccc(OCc2cc(c1ccccc1)nc3ccccc23)c(F)c4)C[C@@H]5C(=O)NO,ada17,6
NC(=O)[C@@]5(Cc4ccc(OCc2cc(c1cccnc1)nc3ccccc23)c(F)c4)C[C@@H]5C(=O)NO,ada17,6
Cc4cc(COc2ccc(C(=O)N[C@@H]1CCOC[C@@H]1C(=O)NO)cc2)c3ccccc3n4,ada17,6
NC(=O)[C@@]5(Cc4ccc(OCc2cc(N1CCCC1)nc3ccccc23)c(F)c4)C[C@@H]5C(=O)NO,ada17,6
Cn5ccc(c4cc(COc2ccc(C[C@]1(C(N)=O)C[C@@H]1C(=O)NO)cc2F)c3ccccc3n4)n5,ada17,6
CNC(=O)[C@H](Cc1ccccc1)NC(=O)[C@H](CC(C)C)[C@H](CC=C)C(=O)NO,ada17,6
CNC(=O)[C@@H](NC(=O)[C@H](CC(C)C)[C@H](OCCc2ccc1sc(C)nc1c2)C(=O)NO)C(C)(C)C,ada17,6
CC#CCOc4ccc(S(=O)(=O)N3Cc1ccccc1N(C(=O)c2ccccc2)CC3C(=O)NO)cc4,ada17,6
CNC(=O)[C@@H](NC(=O)[C@@H]([C@H](CN1C(=O)N(C)C(C)(C)C1=O)C(=O)NO)c2ccc(OC)cc2)C(C)(C)C,ada17,6
CN(c1c(C)cc(Br)cc1C(=O)NO)S(=O)(=O)c4ccc(c3ccc(OCc2ccccc2)cc3)cc4,ada17,6
ONC(=O)[C@H]1CCCC[C@@H]1C(=O)Nc4ccc(COc2cccc3ncccc23)cc4,ada17,6
C[C@H]3[C@H](C(=O)NO)N(S(=O)(=O)c2ccc(OCc1ccccc1C)cc2)CCN3C(=O)Nc4ccccc4,ada17,6
Cc5cc(COc3ccc(C(=O)NC1COCC12C(=O)NC(=O)NC2=O)cc3)c4ccccc4n5,ada17,6
COc4cc(CCC[C@@H]2[C@@H](C(=O)NO)CCCCOc3ccc(C[C@@H](C(=O)c1ccccc1)NC2=O)cc3)cc(OC)c4,ada17,6
ONC(=O)[C@H]1C[C@@]16CC(c5ccc(OCc3cc(c2cccnc2)nc4ccccc34)cc5)NC6=O,ada17,6
C[C@H]3[C@H](C(=O)NO)N(S(=O)(=O)c2ccc(OCc1ccccc1C)cc2)CCN3S(=O)(=O)c4ccc(C)cc4,ada17,6
COc6ccc5CN(C[C@@]4(c3ccc(c2cccc(c1csc(C)n1)c2)cc3)NC(=O)NC4=O)C(=O)c5c6,ada17,6
Cc6cc(COc4ccc(C(=O)NCC3(C2CCN(C1CCOCC1)CC2)C(=O)NC(=O)NC3=O)cc4)c5ccccc5n6,ada17,6
CC#CCOc3ccc(S(=O)(=O)N(C)c1c(C(=O)NO)cnc2n(C)nc(C)c12)cc3,ada17,6
Fc5ccc4CN(CC3(c1ccccc1Oc2ccccc2)NC(=O)NC3=O)C(=O)c4c5,ada17,6
Cc5cc(COc3ccc(C2C[C@@]1(C[C@@H]1C(=O)NO)C(=O)N2)cc3)c4ccccc4n5,ada17,6
Cc6cc(COc4ccc(C(=O)NC2CN(C(=O)c1cccnc1)CC23C(=O)NC(=O)NC3=O)cc4)c5ccccc5n6,ada17,6
CN(c1c(C)cc(Br)cc1C(=O)NO)S(=O)(=O)c3ccc(OCc2cccnc2)cc3,ada17,6
COc6ccc5CN(C[C@@]4(c3ccc(c2cc(c1ccccc1)no2)cc3)NC(=O)NC4=O)C(=O)c5c6,ada17,6
C/C=C/C=C/C=C1\COC(=O)C(CCC(=O)NO)=C1,ada17,6
CN(c1c(C)cc(Br)cc1C(=O)NO)S(=O)(=O)c4ccc(c3ccc(OCc2cccnc2)cc3)cc4,ada17,6
CC(NC(=O)c3ccc(OCc1cc(C)nc2ccccc12)cc3)C4NC(=O)NC4=O,ada17,6
Fc5ccc4CN(CC3(c2cccc(Oc1ccccc1)c2)NC(=O)NC3=O)C(=O)c4c5,ada17,6
CC#CCOc3ccc(S(=O)(=O)N2CCN(Cc1cccnc1)CC2C(=O)NO)cc3,ada17,6
ONC(=O)[C@H]1C[C@@]16CC(c5ccc(OCc3cc(c2ccncc2)nc4ccccc34)cc5)NC6=O,ada17,6
CC#CCOc4ccc(S(=O)(=O)N3Cc1ccccc1N(C(=O)c2ccco2)CC3C(=O)NO)cc4,ada17,6
CNC(=O)[C@@H](NC(=O)[C@H](CC(C)C)[C@H](OCc2cc1ccccc1n(C)c2=O)C(=O)NO)C(C)(C)C,ada17,6
Cc5cc(COc3ccc(C(=O)N[C@@H]1CCNC[C@@H]1c2n[nH]c(=S)[nH]2)cc3)c4ccccc4n5,ada17,6
COc4ccc(P(=O)(OCCc1ccccc1)N3Cc2ccccc2CC3C(=O)NO)cc4,ada17,6
CC#CCOc4ccc(S(=O)(=O)N(C)c3c(C1CCN(C)CC1)cc(c2ccccc2)cc3C(=O)NO)cc4,ada17,6
Cc5cc(COc3ccc(C(=O)N[C@@H]1CCC[C@@H]1c2n[nH]c(=S)[nH]2)cc3)c4ccccc4n5,ada17,6
CC#CCOc2ccc(S(=O)(=O)C(C1CCS(=O)CC1)C(=O)NO)cc2,ada17,6
CCC(CC)Oc3ccc(S(=O)(=O)C2(C(=O)NO)CCN(Cc1ccccc1)CC2)cc3,ada17,6
COCCCOc3ccc(S(=O)(=O)N2Cc1cc(N)ccc1C[C@@H]2C(=O)NO)cc3,ada17,6
ONC(=O)[C@H]1CCC[C@@H]1C(=O)Nc4ccc(COc2ccnc3ccccc23)cc4,ada17,6
COC(=O)c1cccc(C(=O)NO)c1N(Cc2cccnc2)S(=O)(=O)c3ccc(OC)cc3,ada17,6
CCOP(=O)(/C=C/c1ccccc1)N3Cc2ccccc2CC3C(=O)NO,ada17,6
CCOC(=O)[C@@]4(Cc3ccc(OCc2ccnc(c1ccccc1)c2)cc3)C[C@@H]4C(=O)NO,ada17,6
Cc4cc(COc2ccc(S(=O)(=O)NCC1(C)NC(=O)NC1=O)cc2)c3ccccc3n4,ada17,6
CC#CCOc4ccc(S(=O)(=O)N3Cc2cc(OCCc1ccccc1)ccc2N(C(C)=O)CC3C(=O)NO)cc4,ada17,6
Cc5cc(COc3ccc(C(=O)NC2(Cc1n[nH]c(=S)[nH]1)CCN(C(=O)OC(C)(C)C)CC2)cc3)c4ccccc4n5,ada17,6
Cc5cc(COc3ccc(C(=O)NC1CN(S(C)(=O)=O)CC12C(=O)NC(=O)NC2=O)cc3)c4ccccc4n5,ada17,6
CC#CCOc3ccc(S(=O)(=O)N2CCSC1(CCCC1)C2C(=O)NO)cc3,ada17,6
Cc5cc(COc3ccc(NC(=O)[C@H]2CCN(C(=O)C1CC1)C[C@@H]2C(=O)NO)cc3)c4ccccc4n5,ada17,6
Cc5cc(COc3ccc(N2CC[C@H]([C@H](NC(=O)c1ccccc1)C(=O)NO)C2=O)cc3)c4ccccc4n5,ada17,6
Cc1noc(C)c1c5ccc([C@]4(CN3Cc2ccc(F)cc2C3=O)NC(=O)NC4=O)cc5,ada17,6
CC#CCNc2ccc(S(=O)(=O)N1CC[C@@H](S)C1)cc2,ada17,6
C[C@H]3[C@H](C(=O)NO)N(S(=O)(=O)c2ccc(OCc1cccnc1C)cc2)CCN3C(C)=O,ada17,6
COc3cc(COc2ccc1c(NCCN(C(CCCCNS(C)(=O)=O)C(=O)NO)S1(=O)=O)c2)cc(OC)c3,ada17,6
Cc4cc(COc2ccc(S(=O)(=O)CC(CC1CCC(=O)CC1)N(O)C=O)cc2)c3ccccc3n4,ada17,6
CCC[C@@H]([C@@H](CC(C)C)C(=O)N[C@@H](CCC/N=C(/N)NN(=O)=O)C(=O)Nc1nccs1)N(O)C=O,ada17,6
CC(C)C[C@@H]2[C@@H](C(=O)NO)CCCOC(=O)NCCCC[C@@H](C(=O)NCC(=O)N1CCOCC1)NC2=O,ada17,6
CC#CCOc3ccc(S(=O)(=O)CC2(C(=O)NO)CCCN(S(=O)(=O)Cc1ccccc1)C2)cc3,ada17,6
CCC[C@@H]([C@@H](CC(C)C)C(=O)N[C@H]3CCCCN(Cc2cccc(Oc1ccccc1)c2)C3=O)C(=O)NO,ada17,6
CC#CCOc2ccc(S(=O)(=O)N1CCCN(C(C)=O)CC1C(=O)NO)cc2,ada17,6
Cc4cc(COc2ccc(N1C(C(=O)NO)CCCS1(=O)=O)cc2)c3ccccc3n4,ada17,6
COc4cc3C(=O)N(CC2(c1ccc(F)cc1)NC(=O)NC2=O)Cc3cn4,ada17,6
CC#CCOc3ccc(S(=O)(=O)CC2(C(=O)NO)CCN(C(=O)CN1CCOCC1)CC2)cc3,ada17,6
CC#CCOc2ccc(S(=O)(=O)CC1(C(=O)NO)CCCN(C(=O)OCC(C)C)C1)cc2,ada17,6
CNC(=O)[C@@H](NC(=O)[C@H](CC(C)C)[C@H](NS(=O)(=O)c1cccc2cnccc12)C(=O)NO)C(C)(C)C,ada17,6
COc5ccc4CN(C[C@@]3(c2ccc(OC1CCCC1)cc2)NC(=O)NC3=O)C(=O)c4c5,ada17,6
COc6ccc5CN(C[C@@]4(c3ccc(c2cnc1n(C)ccc1c2)cc3)NC(=O)NC4=O)C(=O)c5c6,ada17,6
CC#CCOc3ccc(S(=O)(=O)CC2(C(=O)NO)CCN(S(=O)(=O)c1cn(C)c(C)n1)CC2)cc3,ada17,6
CC#CCOc2ccc(S(=O)(=O)NC(CSCc1cccnc1)C(=O)NO)cc2,ada17,6
Cc4cc(COc2ccc(S(=O)(=O)CC(C=C1CCN(OC(=O)C(C)(C)C)CC1)N(O)C=O)cc2)c3ccccc3n4,ada17,6
Cc4cc(COc2ccc(S(=O)(=O)CC(CC1CCC(=NO)CC1)N(O)C=O)cc2)c3ccccc3n4,ada17,6
Cc4cc(COc2ccc(S(=O)(=O)CC(C=C1CCSCC1)N(O)C=O)cc2)c3ccccc3n4,ada17,6
C[C@@H](N3CC[C@@](C)(c2ccc(OCc1c(C)cncc1C)cc2)C3=O)C(=O)NO,ada17,6
CNC(=O)[C@@H](NC(=O)[C@H](CC(C)C)[C@H](N1CCOCC1)C(=O)NO)C(C)(C)C,ada17,6
CC#CCOc2ccc(S(=O)(=O)N1CCOCC1C(=O)NO)cc2,ada17,6
CC[C@@H]([C@H](C(=O)N1CCCC[C@H]1C(=O)NC)c2ccc(Cl)cc2)C(=O)NO,ada17,6
Cc3ccc2oc(=O)c(CC(Cc1ccccc1)C(=O)NO)cc2c3,ada17,6
CCOP(=O)(N2Cc1ccccc1CC2C(=O)NO)c4ccc(Oc3ccccc3)cc4,ada17,6
CNC(=O)[C@H](Cc1c[nH]c2ccccc12)NC(=O)[C@H](CC(C)C)CC(=O)NO,ada17,6
CC#CCOc2ccc(S(=O)(=O)N1CCN(S(C)(=O)=O)CC1C(=O)NO)cc2,ada17,6
CN(c1c(C)cc(Br)cc1C(=O)NO)S(=O)(=O)c2ccc(OCC#CCO)cc2,ada17,6
COc5ccc4CN(C[C@@]3(c2ccc(Oc1ccncc1)cc2)NC(=O)NC3=O)C(=O)c4c5,ada17,6
CC#CCOc3ccc(S(=O)(=O)CC2(C(=O)NO)CCN(S(=O)(=O)c1ccc(Cl)s1)CC2)cc3,ada17,6
CC#CCOc2ccc(S(=O)(=O)N(CC(=O)NO)Cc1cccnc1)cc2,ada17,6
ONC(=O)[C@H]1C[C@@]16CC(c5ccc(OCc3cc(c2ccccc2)nc4ccccc34)c(F)c5)NC6=O,ada17,6
Cc1ncccc1COc3ccc(S(=O)(=O)N2C[C@H](O)CC(C)(C)[C@@H]2C(=O)NO)cc3,ada17,6
COc2cc(Oc1ccc(S(=O)(=O)CC(C)C(=O)NO)cc1)cc(OC)c2OC,ada17,6
CCOP(=O)(N2Cc1ccsc1CC2C(=O)NO)c3ccc(OC)cc3,ada17,6
CSc2nc1ccccc1n2Cc4ccc([C@]3(N)CCN([C@H](CC(C)C)C(=O)NO)C3=O)cc4,ada17,6
COc5ccc4CN(C[C@@]3(c2ccc(C(=O)N1CCCC1)cc2)NC(=O)NC3=O)C(=O)c4c5,ada17,6
COc5ccc4CN(C[C@@]3(c2ccc(N1CCOCC1)cc2)NC(=O)NC3=O)C(=O)c4c5,ada17,6
COc4ccc3[nH]n(CC2(c1ccccc1)NC(=O)NC2=O)c(=O)c3c4,ada17,6
CNC(=O)[C@@H]3Cc4ccc(OCCCC[C@H](C(=O)NO)[C@@H](CCCc1cccc2ccccc12)C(=O)N3)cc4,ada17,6
CC#CCOc3ccc(S(=O)(=O)N(C)c1c(C(=O)NO)cnc2onc(C)c12)cc3,ada17,6
Cc3cc(COc2ccc(N1CC[C@H]([C@H](NC(=O)OC(C)(C)C)C(=O)NO)C1=O)cc2)cc(C)n3,ada17,6
Cc4cc(COc2ccc(N1C(C(=O)NO)CCS1(=O)=O)cc2)c3ccccc3n4,ada17,6
CC#CCOc3ccc(S(=O)(=O)CC2(C(=O)NO)CCCN(S(=O)(=O)Cc1ccncc1)C2)cc3,ada17,6
CC#CCOc3ccc(S(=O)(=O)CC2(C(=O)NO)CCN(c1ccncc1)CC2)cc3,ada17,6
CC3(C)SCCN(S(=O)(=O)c2ccc(Oc1ccncc1)cc2)[C@H]3C(=O)NO,ada17,6
CC(C)NC(=O)[C@]4(c3cccc(OCc1cc(C)nc2ccccc12)c3)C[C@H]4C(=O)NO,ada17,6
Cc4cc(COc2ccc(NC(=O)[C@H]1CNCC[C@@H]1C(=O)NO)cc2)c3ccccc3n4,ada17,6
CC3(C)SCCN(S(=O)(=O)c2ccc(Oc1cccnc1)cc2)[C@H]3C(=O)NO,ada17,6
CCOCCOc3ccc(P(=O)(OCC)N2Cc1ccccc1CC2C(=O)NO)cc3,ada17,6
CNC(=O)[C@@H](NC(=O)[C@H](CC(C)C)[C@H](NS(=O)(=O)c2ccc1NC(=O)Cc1c2)C(=O)NO)C(C)(C)C,ada17,6
ONC(=O)[C@H]2CN(C(=O)C1CC1)CC[C@@H]2C(=O)Nc5ccc(COc3ccnc4ccccc34)cc5,ada17,6
Cc5cc(COc3ccc(C(=O)NC2(CC(=O)NO)CCN(c1ccccc1)CC2)cc3)c4ccccc4n5,ada17,6
Cc4cc(COc2ccc(C(=O)NCC1(C(=O)NO)CCN(S(C)(=O)=O)CC1)cc2)c3ccccc3n4,ada17,6
CNC(=O)[C@H](Cc1ccccc1)NC(=O)[C@H](CC(C)C)[C@H](CSc2ccccc2)C(=O)NO,ada17,6
Cc4cc(COc2ccc(C(=O)N[C@@H]1CC(=O)C[C@@H]1C(=O)NO)cc2)c3ccccc3n4,ada17,6
Cc4cc(Cc2ccc(C(=O)N[C@@H]1CCC[C@@H]1C(=O)NO)cc2)c3ccccc3n4,ada17,6
Cc5cc(COc3ccc(C(=O)NC2(CC(=O)NO)CCN(Cc1ccccc1)CC2)cc3)c4ccccc4n5,ada17,6
Cc6cc(COc4ccc3C(=O)N(CC2(c1ccc(F)cc1)NC(=O)NC2=O)Cc3c4)c5ccccc5n6,ada17,6
CC#CCOc3ccc(S(=O)(=O)CC2(C(=O)NO)CCCN(C(=O)c1ccccc1C)C2)cc3,ada17,6
CC#CCOc3ccc(S(=O)(=O)CC2(C(=O)NO)CCN(C(=O)c1c(Cl)cncc1Cl)CC2)cc3,ada17,6
C[C@@H](N3CC[C@@](C)(c2ccc(OCc1cc(C(F)(F)F)cc(C(F)(F)F)c1)cc2)C3=O)C(=O)NO,ada17,6
CC#CCOc2ccc(S(=O)(=O)N[C@H](CCNC(=O)OCc1ccccc1)C(=O)NO)cc2,ada17,6
CC#CCOc3ccc(S(=O)(=O)CC2(C(=O)NO)CCN(S(=O)(=O)C1CC1)CC2)cc3,ada17,6
Cc2oc1ccccc1c2Cc4ccc(C(=O)N[C@@H]3CCOC[C@@H]3C(=O)NO)cc4,ada17,6
Cc5cc(COc3ccc(C(=O)N[C@@H]2CN(Cc1ccccc1)C[C@@H]2C(=O)NO)cc3)c4ccccc4n5,ada17,6
ONC(=O)[C@H]1COCC[C@H]1NC(=O)c5ccc(Cc3cc(N2CCOCC2)nc4ccccc34)cc5,ada17,6
Cc5cc(COc3ccc(NC(=O)[C@H]2CCN(C1CCC1)C[C@@H]2C(=O)NO)cc3)c4ccccc4n5,ada17,6
CC#CCOc3ccc(S(=O)(=O)CC2(C(=O)NO)CCN(S(=O)(=O)N1CCN(C(C)=O)CC1)CC2)cc3,ada17,6
CNC(=O)[C@@H](NC(=O)[C@H](CC(C)C)[C@H](NS(=O)(=O)c1cccs1)C(=O)NO)C(C)(C)C,ada17,6
COc3cc(Oc2ccc(S(=O)(=O)N1CCSC(C)(C)[C@@H]1C(=O)NO)cc2)cc(OC)c3OC,ada17,6
CC(=O)N5C[C@@H](NC(=O)c3ccc(OCc1cc(C)nc2ccccc12)cc3)[C@@H](c4n[nH]c(=S)[nH]4)C5,ada17,6
Cc4cc(COc2ccc(S(=O)(=O)CC1(CC(=O)NO)CCNC1)cc2)c3ccccc3n4,ada17,6
ONC(=O)[C@H]1[C@@H](O)[C@H](O)[C@@H](O)CN1S(=O)(=O)c3ccc(OCc2ccccc2)cc3,ada17,6
Cc5cc(COc3ccc(C(=O)NCC2(N1CCN(S(C)(=O)=O)CC1)C(=O)NC(=O)NC2=O)cc3)c4ccccc4n5,ada17,6
Cc4cc(Cc2cccc(C(=O)N[C@@H]1COC[C@@H]1C(=O)NO)c2)c3ccccc3n4,ada17,6
Cc5cc(COc3ccc(C(=O)N[C@@H]2CN(Cc1ccco1)C[C@@H]2C(=O)NO)cc3)c4ccccc4n5,ada17,6
CNC(=O)[C@@H](NC(=O)[C@H](CC(C)C)[C@H](N1CCCC1)C(=O)NO)C(C)(C)C,ada17,6
CCOc3ccc(CCC[C@@H]1[C@@H](C(=O)NO)CCCCOc2ccc(C[C@@H](C(=O)NC)NC1=O)cc2)cc3,ada17,6
ONC(=O)[C@H]1CCC[C@H]1NC(=O)c5ccc(Cn3c(C2CC2)nc4ccccc34)cc5,ada17,6
COc5ccc4CN(C[C@@]3(c2ccc(C1(C)NC(=O)NC1=O)cc2)NC(=O)NC3=O)C(=O)c4c5,ada17,6
ONC(=O)[C@H]1COCC[C@H]1NC(=O)c5ccc(Cc3c2COCc2nc4ccccc34)cc5,ada17,6
CC#CCOc3ccc(S(=O)(=O)CC2(C(=O)NO)CCN(S(=O)(=O)c1ccccc1)CC2)cc3,ada17,6
CC(=O)N5CC[C@H](c1n[nH]c(=S)[nH]1)[C@H](NC(=O)c4ccc(OCc2cc(C)nc3ccccc23)cc4)C5,ada17,6
Fc5ccc([C@]4(CN3Cc2cc(OCC1CC1)ccc2C3=O)NC(=O)NC4=O)cc5,ada17,6
CC#CCNc2ccc(S(=O)(=O)N1CCSC(C)(C)[C@@H]1C(=O)NO)cc2,ada17,6
CC#CCOc3ccc(S(=O)(=O)CC2(C(=O)NO)CCN(C(=O)C1CCCCC1)CC2)cc3,ada17,6
ONC(=O)[C@H]1[C@@H](O)[C@H](O)[C@@H](O)CN1S(=O)(=O)c3ccc(Oc2ccccc2)cc3,ada17,6
ONC(=O)C4(CNC(=O)c3ccc(OCc1ccnc2ccccc12)cc3)CCOCC4,ada17,6
CC#CCOc3ccc(S(=O)(=O)CC2(C(=O)NO)CCN(c1c(C)noc1C)CC2)cc3,ada17,6
CC#CCOc3ccc(S(=O)(=O)CC2(C(=O)NO)CCN(S(=O)(=O)c1c(C)noc1C)CC2)cc3,ada17,6
Cc4cc(COc2ccc(S(=O)(=O)CC(C=C1CCOCC1)N(O)C=O)cc2)c3ccccc3n4,ada17,6
CCOP(=O)(N3Cc2[nH]c1ccccc1c2CC3C(=O)NO)c4ccc(OC)cc4,ada17,6
CC#CCOc3ccc(S(=O)(=O)CC2(C(=O)NO)CCN(Cc1ccncc1)CC2)cc3,ada17,6
Cc5cc(COc3ccc(S(=O)(=O)C2(C(=O)NO)CCN(C(=O)c1ccncc1)CC2)cc3)c4ccccc4n5,ada17,6
COc6ccc5CN(C[C@@]4(c3ccc(c2ccc(c1cc[nH]n1)cc2)cc3)NC(=O)NC4=O)C(=O)c5c6,ada17,6
COc6ccc5CN(C[C@@]4(c3ccc(c2ccc1cn(C)nc1c2)cc3)NC(=O)NC4=O)C(=O)c5c6,ada17,6
COc5ccc4CN(C[C@@]3(c2ccc(c1ccc(Cl)cc1)cc2)NC(=O)NC3=O)C(=O)c4c5,ada17,6
CC#CCOc3ccc(S(=O)(=O)CC2(C(=O)NO)CCN(S(=O)(=O)Cc1ccncc1)CC2)cc3,ada17,6
Cc4cc(COc2ccc(S(=O)(=O)CC(C=C1CCC(=NO)CC1)N(O)C=O)cc2)c3ccccc3n4,ada17,6
CC#CCOc3ccc(S(=O)(=O)CC2(C(=O)NO)CCN(S(=O)(=O)C1CCCCC1)CC2)cc3,ada17,6
COc5ccc4CN(C[C@@]3(c2ccc(c1ccccn1)cc2)NC(=O)NC3=O)C(=O)c4c5,ada17,6
CCOP(=O)(N2CCN(C(=O)OCc1ccccc1)CC2C(=O)NO)c3ccc(OC)cc3,ada17,6
CC(C)[C@@H]([C@@H](CC1CCC(C)CC1)C(=O)N[C@@H](CCC/N=C(/N)NN(=O)=O)C(=O)Nc2nccs2)N(O)C=O,ada17,6
Cc4cc(COc2ccc(S(=O)(=O)CC1NCCC1C(=O)NO)cc2)c3ccccc3n4,ada17,6
Cc4cc(COc2ccc(S(=O)(=O)CC1(CC(=O)NO)CCCCC1)cc2)c3ccccc3n4,ada17,6
Cc4cc(COc2ccc(S(=O)(=O)CC1(CC(=O)NO)CCCO1)cc2)c3ccccc3n4,ada17,6
Cc4cc(COc2ccc(S(=O)(=O)CC1(CC(=O)NO)COC1)cc2)c3ccccc3n4,ada17,6
Cc4cc(COc2ccc(S(=O)(=O)CC1(CC(=O)NO)CCC1)cc2)c3ccccc3n4,ada17,6
Cc4cc(COc2ccc(S(=O)(=O)CC1(CC(=O)NO)CCOCC1)cc2)c3ccccc3n4,ada17,6
Cc4cc(COc2ccc(C(=O)NC1(CC(=O)NO)CCN(S(C)(=O)=O)CC1)cc2)c3ccccc3n4,ada17,6
ONC(=O)[C@H]1COCC[C@H]1NC(=O)c5ccc(Cc3c2CCCc2nc4ccccc34)cc5,ada17,6
CC(C)c4cc(Cc2ccc(C(=O)N[C@@H]1CCOC[C@@H]1C(=O)NO)cc2)c3ccccc3n4,ada17,6
CC#CCN4C[C@@H](NC(=O)c3ccc(Cc1cc(C)nc2ccccc12)cc3)[C@@H](C(=O)NO)C4,ada17,6
Cc4cc(COc2ccc(S(=O)(=O)CC1CNCCC1C(=O)NO)cc2)c3ccccc3n4,ada17,6
Cc4cc(COc2ccc(C(=O)N[C@@H]1COCC[C@@H]1C(=O)NO)cc2)c3ccccc3n4,ada17,6
Cc4cc(COc2ccc(C(=O)NC1CCC1C(=O)NO)cc2)c3ccccc3n4,ada17,6
Cc4cc(COc2ccc(C(=O)N[C@@H]1CCC[C@@H]1C(=O)NO)cc2)c3ccccc3n4,ada17,6
Cc5cc(COc3ccc(C(=O)N[C@@H]1CC2(C[C@@H]1C(=O)NO)OCCO2)cc3)c4ccccc4n5,ada17,6
Cc5cc(COc3ccc(C(=O)N[C@@H]2C[C@]1(CCCO1)C[C@@H]2C(=O)NO)cc3)c4ccccc4n5,ada17,6
CC(C)c2nc1ccccc1n2Cc4ccc(C(=O)N[C@@H]3CN(C(=O)OC(C)(C)C)C[C@@H]3C(=O)NO)cc4,ada17,6
CC(C)c2nc1ccccc1n2Cc4ccc(C(=O)N[C@@H]3CCC[C@@H]3C(=O)NO)cc4,ada17,6
ONC(=O)[C@H]1COC[C@H]1NC(=O)c4ccc(Cn2c(C(F)(F)F)nc3ccccc23)cc4,ada17,6
CC(C)(F)c2nc1ccccc1n2Cc5ccc(C(=O)N[C@@H]4C[C@@]3(CCCO3)C[C@@H]4C(=O)NO)cc5,ada17,6
Cc4cc(COc2ccc(C(=O)N[C@@H]1COC[C@@H]1C(=O)NO)cc2)c3ccccc3n4,ada17,6
Cc5cc(COc3ccc(C(=O)N[C@@H]2CN(C1CCC1)C[C@@H]2C(=O)NO)cc3)c4ccccc4n5,ada17,6
Cc4cc(COc2ccc(C(=O)N[C@@H]1CNCC[C@@H]1C(=O)NO)cc2)c3ccccc3n4,ada17,6
Cc4cc(COc2ccc(S(=O)(=O)CC1NCCCC1C(=O)NO)cc2)c3ccccc3n4,ada17,6
Cc5cc(COc3ccc(N2CC[C@H]([C@H](NC(=O)N1CCOCC1)C(=O)NO)C2=O)cc3)c4ccccc4n5,ada17,6
COC(=O)N[C@@H]([C@H]4CCN(c3ccc(OCc1cc(C)nc2ccccc12)cc3)C4=O)C(=O)NO,ada17,6
COc5ccc4CN(C[C@@]3(c2ccc(c1ccnc(C)c1)cc2)NC(=O)NC3=O)C(=O)c4c5,ada17,6
CC#CCOc2ccc(S(=O)(=O)N1C[C@@H](O)[C@@H](O)[C@H](O)[C@@H]1C(=O)NO)cc2,ada17,6
CC#CCOc3ccc(S(=O)(=O)N2C[C@H]1OC(C)(C)O[C@H]1[C@H](O)[C@@H]2C(=O)NO)cc3,ada17,6
COc5ccc4CN(C[C@@]3(c2ccc(c1nccs1)cc2)NC(=O)NC3=O)C(=O)c4c5,ada17,6
ONC(=O)[C@H]1C[C@]1(Cc5ccc(OCc3cc(c2ccccc2)nc4ccccc34)cc5)C(=O)NCC6CCNCC6,ada17,6
COc4ccc3CN(C[C@@]2(c1cnccn1)NC(=O)NC2=O)C(=O)c3c4,ada17,6
COc4ccc3CN(C[C@@]2(c1ccco1)NC(=O)NC2=O)C(=O)c3c4,ada17,6
CC#CCOc3ccc(S(=O)(=O)N[C@H](CCn2c(=O)c1ccccc1c2=O)C(=O)NO)cc3,ada17,6
CNc4cc(COc2ccc(C[C@]1(C(N)=O)C[C@@H]1C(=O)NO)cc2F)c3ccccc3n4,ada17,6
COc5ccc4CN(C[C@@]3(c2ccc(c1cccnc1)cc2)NC(=O)NC3=O)C(=O)c4c5,ada17,6
CNC(=O)[C@@H](NC(=O)[C@H](CC(C)C)[C@H](OCc2ccc1oc(=O)ccc1c2)C(=O)NO)C(C)(C)C,ada17,6
Cc5cc(COc3ccc(NC(=O)[C@H]2CN(Cc1nccs1)CC[C@@H]2C(=O)NO)cc3)c4ccccc4n5,ada17,6
ONC(=O)[C@H]2CN(C(=O)c1ccco1)CC[C@@H]2C(=O)Nc5ccc(COc3ccnc4ccccc34)cc5,ada17,6
Cc4cc(COc2ccc(S(=O)(=O)CC1(CC(=O)NO)CCCC1)cc2)c3ccccc3n4,ada17,6
Fc6ccc5CN(C[C@@]4(c3ccc(c2ccc1ncccc1c2)cc3)NC(=O)NC4=O)C(=O)c5c6,ada17,6
Cc5cc(COc3ccc(NC(=O)[C@H]2CCN(C(=O)OC1CC1)C[C@@H]2C(=O)NO)cc3)c4ccccc4n5,ada17,6
COc5ccc4CN(C[C@@]3(c2ccc(c1cnn(C)c1)cc2)NC(=O)NC3=O)C(=O)c4c5,ada17,6
COc5ccc4CN(C[C@@]3(c2ccc(c1cncnc1)cc2)NC(=O)NC3=O)C(=O)c4c5,ada17,6
CC(=O)N4CC[C@H](C(=O)Nc3ccc(COc1ccnc2ccccc12)cc3)[C@@H](C(=O)NO)C4,ada17,6
Cc5cc(COc3ccc(NC(=O)[C@H]2CN(CC1CC1)CC[C@@H]2C(=O)NO)cc3)c4ccccc4n5,ada17,6
Cc5cc(COc3ccc(NC(=O)[C@@H]1[C@@H](C(=O)NO)CCCN1Cc2nccs2)cc3)c4ccccc4n5,ada17,6
Cc4cc(COc2ccc(NC(=O)[C@H]1NCCC[C@@H]1C(=O)NO)cc2)c3ccccc3n4,ada17,6
Cc5cc(COc3ccc(NC(=O)[C@@H]1[C@@H](C(=O)NO)CCCN1CC2CC2)cc3)c4ccccc4n5,ada17,6
ONC(=O)[C@H]1COCC[C@H]1NC(=O)c5ccc(Cc3c(C2CC2)nc4ccccn34)cc5,ada17,6
ONC(=O)[C@H]1CCCC[C@@H]1C(=O)Nc4ccc(COc2ccnc3ccccc23)cc4,ada17,6
Cc2nc1ccccn1c2Cc4ccc(C(=O)N[C@@H]3CCOC[C@@H]3C(=O)NO)cc4,ada17,6
CCc2[nH]c1ccccc1c2Cc4ccc(C(=O)N[C@@H]3CCOC[C@@H]3C(=O)NO)cc4,ada17,6
Cc4cc(Oc2ccc(C(=O)N[C@@H]1CN(C(=O)OC(C)(C)C)C[C@@H]1C(=O)NO)cc2)c3ccccc3n4,ada17,6
ONC(=O)[C@H]2C[C@]1(CCCO1)C[C@H]2NC(=O)c6ccc(Cn4c(C3CC3)nc5ccccc45)cc6,ada17,6
CNC(=O)[C@@H](NC(=O)[C@H](CC(C)C)[C@H](NS(=O)(=O)CCc1ccncc1)C(=O)NO)C(C)(C)C,ada17,6
CC#CCOc3ccc(S(=O)(=O)CC2(C(=O)NO)CCN(S(=O)(=O)C1CCCC1)CC2)cc3,ada17,6
CC#CCOc3ccc(S(=O)(=O)CC2(C(=O)NO)CCN(c1ccccn1)CC2)cc3,ada17,6
Cc4cc(COc2ccc(C(=O)NC1(CC(=O)NO)CCCCC1)cc2)c3ccccc3n4,ada17,6
ONC(=O)[C@H]1COCC[C@H]1NC(=O)c4ccc(Cn2c(C(F)(F)F)nc3ccccc23)cc4,ada17,6
CNC(=O)[C@@H](NC(=O)[C@H](CC(C)C)[C@H](Sc2ccc1N(C)C(=O)CCc1c2)C(=O)NO)C(C)(C)C,ada17,6
CC#CCOc3ccc(S(=O)(=O)CC2(C(=O)NO)CCN(S(=O)(=O)C(C)CN1CCOCC1)CC2)cc3,ada17,6
Cc4cc(COc2ccc(S(=O)(=O)CC1CCNCC1C(=O)NO)cc2)c3ccccc3n4,ada17,6
ONC(=O)[C@H]1COCC[C@H]1NC(=O)c5ccc(Cc3cc(C2CC2)nc4ccccc34)cc5,ada17,6
Cc5cc(COc3cccc([C@@]2(C(=O)NC1CCCCC1)C[C@H]2C(=O)NO)c3)c4ccccc4n5,ada17,6
CNC(=O)[C@@H](NC(=O)[C@H](CC(C)C)[C@H](NS(=O)(=O)c1c[nH]cn1)C(=O)NO)C(C)(C)C,ada17,6
Cc4cc(COc2ccc(S(=O)(=O)CC(C1CCC(=NO)CC1)N(O)C=O)cc2)c3ccccc3n4,ada17,6
CCC[C@@H]([C@@H](Cc1ccc(C)s1)C(=O)N[C@@H](CCC/N=C(/N)NN(=O)=O)C(=O)Nc2nccs2)N(O)C=O,ada17,6
Cc5cc(COc3ccc(C(=O)Nc1ccccc1C(=O)c2c[nH]c(=O)[nH]2)cc3)c4ccccc4n5,ada17,6
Cc4cc(COc2ccc(C(=O)NCC1(C(=O)NO)CCCCC1)cc2)c3ccccc3n4,ada17,6
Cc4cc(COc2ccc(N1C(C(=O)NO)CNS1(=O)=O)cc2)c3ccccc3n4,ada17,6
Cc5cc(COc3ccc(C(=O)N[C@@H]1CCOC[C@@H]1c2n[nH]c(=S)[nH]2)cc3)c4ccccc4n5,ada17,6
Fc5ccc4CN(C[C@@]3(c2ccc(N1CCCC1=O)cc2)NC(=O)NC3=O)C(=O)c4c5,ada17,6
COc6ccc5CN(C[C@@]4(c3ccc(Oc2ccc1cnccc1c2)cc3)NC(=O)NC4=O)C(=O)c5c6,ada17,6
O[C@H]([C@@H](O)C(=O)N1CCCC1c2ccccc2)C(=O)NCc4nc(Cc3ccccc3)cs4,ada17,6
Fc5ccc(C4(CN3Cc2cc(OCc1ccncc1)ccc2C3=O)NC(=O)NC4=O)cc5,ada17,6
ONC(=O)[C@H]1COCC[C@H]1NC(=O)c5ccc(Cc3c2CCOc2nc4ccccc34)cc5,ada17,6
COc5ccc4CN(C[C@@]3(c2ccc(c1cnccn1)cc2)NC(=O)NC3=O)C(=O)c4c5,ada17,6
CC#CCOc3ccc(S(=O)(=O)CC2(C(=O)NO)CCN(S(=O)(=O)N1CCCCC1)CC2)cc3,ada17,6
Cc2[nH]c1ccccc1c2Cc4ccc(C(=O)N[C@@H]3CN(CC#C)C[C@@H]3C(=O)NO)cc4,ada17,6
Cc3cc(COc1ccc(C(=O)NCCC(=O)NO)cc1)c2ccccc2n3,ada17,6
CNC(=O)[C@@H](NC(=O)[C@H](CC(C)C)[C@H](C1CCCC1)C(=O)NO)C(C)(C)C,ada17,6
CC#CCOc2ccc(S(=O)(=O)CC1(C(=O)NO)CCN(S(=O)(=O)C(C)(C)C)CC1)cc2,ada17,6
CC#CCOc3ccc(S(=O)(=O)CC2(C(=O)NO)CCN(S(=O)(=O)N1CCCC1)CC2)cc3,ada17,6
CC#CCOc3ccc(S(=O)(=O)CC2(C(=O)NO)CCN(S(=O)(=O)N1CCOCC1)CC2)cc3,ada17,6
CC#CCOc3ccc(S(=O)(=O)CC2(C(=O)NO)CCN(S(=O)(=O)c1nc(C)sc1C)CC2)cc3,ada17,6
CC#CCOc3ccc(S(=O)(=O)CC2(C(=O)NO)CCN(S(=O)(=O)c1cc(Cl)sc1Cl)CC2)cc3,ada17,6
CC#CCOc3ccc(S(=O)(=O)CC2(C(=O)NO)CCN(S(=O)(=O)c1c(C)nn(C)c1C)CC2)cc3,ada17,6
CC#CCOc4ccc(S(=O)(=O)CC3(C(=O)NO)CCN(c2nc1ccccc1n2C)CC3)cc4,ada17,6
CC#CCOc3ccc(S(=O)(=O)CC2(C(=O)NO)CCN(S(=O)(=O)CC1CCCCC1)CC2)cc3,ada17,6
C[C@@H]3[C@@H](C(=O)NOCC=C)N(S(=O)(=O)c2ccc(OCc1ccc(C)cc1)cc2)CCN3C(C)=O,ada17,6
Cc4cc(COc2ccc(C1(C)C(=O)NC(=O)NC1=O)cc2)c3ccccc3n4,ada17,6
CC#CCOc3ccc(S(=O)(=O)CC2(C(=O)NO)CCN(C(=O)N(C)c1ccccc1)CC2)cc3,ada17,6
CC#CCOc3ccc(S(=O)(=O)CC2(C(=O)NO)CCN(S(=O)(=O)Cc1ccccc1)CC2)cc3,ada17,6
CC#CCOc3ccc(S(=O)(=O)CC2(C(=O)NO)CCN(C(=O)c1cccs1)CC2)cc3,ada17,6
CC#CCOc3ccc(S(=O)(=O)CC2(C(=O)NO)CCN(C(=O)c1ccccc1)CC2)cc3,ada17,6
CC(=O)N4CCC(C(=O)NO)(S(=O)(=O)c3ccc(OCc1cc(C)nc2ccccc12)cc3)CC4,ada17,6
Cc5cc(COc3ccc(S(=O)(=O)C2(C(=O)NO)CCN(C(=O)c1ccccc1)CC2)cc3)c4ccccc4n5,ada17,6
CNC(=O)[C@@H](NC(=O)[C@H](CC(C)C)[C@H](OCc1cccc2nccnc12)C(=O)NO)C(C)(C)C,ada17,6
CC#CCOc4ccc(S(=O)(=O)CC3(C(=O)NO)CCN(c2nc1ccccc1o2)CC3)cc4,ada17,6
COc4ccc3CN(C[C@@]2(c1cnn(C)c1)NC(=O)NC2=O)C(=O)c3c4,ada17,6
Cc5cc(COc3ccc(C(=O)NC2(CC(=O)NO)CCN(C1=NCCS1)CC2)cc3)c4ccccc4n5,ada17,6
Cc2oc1ccccc1c2Cc4ccc(C(=O)N[C@@H]3CNC[C@@H]3C(=O)NO)cc4,ada17,6
Cc4cc(COc2ccc(S(=O)(=O)CC(C=C1CCC(=O)CC1)N(O)C=O)cc2)c3ccccc3n4,ada17,6
